/sys/fs/resctrl/memcached-server-rdt/mon_data/mon_L3_00/llc_occupancy,Fri Aug 19 17:34:33 UTC 2022,2826240
/sys/fs/resctrl/memcached-server-rdt/mon_data/mon_L3_00/llc_occupancy,Fri Aug 19 17:34:36 UTC 2022,2334720
/sys/fs/resctrl/memcached-server-rdt/mon_data/mon_L3_00/llc_occupancy,Fri Aug 19 17:34:39 UTC 2022,2293760
/sys/fs/resctrl/memcached-server-rdt/mon_data/mon_L3_00/llc_occupancy,Fri Aug 19 17:34:42 UTC 2022,1966080
/sys/fs/resctrl/memcached-server-rdt/mon_data/mon_L3_00/llc_occupancy,Fri Aug 19 17:34:45 UTC 2022,2744320
/sys/fs/resctrl/memcached-server-rdt/mon_data/mon_L3_00/llc_occupancy,Fri Aug 19 17:34:48 UTC 2022,2990080
/sys/fs/resctrl/memcached-server-rdt/mon_data/mon_L3_00/llc_occupancy,Fri Aug 19 17:34:51 UTC 2022,2457600
/sys/fs/resctrl/memcached-server-rdt/mon_data/mon_L3_00/llc_occupancy,Fri Aug 19 17:34:54 UTC 2022,450560
/sys/fs/resctrl/memcached-server-rdt/mon_data/mon_L3_00/llc_occupancy,Fri Aug 19 17:34:57 UTC 2022,40960
/sys/fs/resctrl/memcached-server-rdt/mon_data/mon_L3_00/llc_occupancy,Fri Aug 19 17:35:00 UTC 2022,0
/sys/fs/resctrl/memcached-server-rdt/mon_data/mon_L3_00/llc_occupancy,Fri Aug 19 17:35:03 UTC 2022,2170880
/sys/fs/resctrl/memcached-server-rdt/mon_data/mon_L3_00/llc_occupancy,Fri Aug 19 17:35:06 UTC 2022,2416640
/sys/fs/resctrl/memcached-server-rdt/mon_data/mon_L3_00/llc_occupancy,Fri Aug 19 17:35:09 UTC 2022,2457600
/sys/fs/resctrl/memcached-server-rdt/mon_data/mon_L3_00/llc_occupancy,Fri Aug 19 17:35:12 UTC 2022,2498560
/sys/fs/resctrl/memcached-server-rdt/mon_data/mon_L3_00/llc_occupancy,Fri Aug 19 17:35:15 UTC 2022,2703360
/sys/fs/resctrl/memcached-server-rdt/mon_data/mon_L3_00/llc_occupancy,Fri Aug 19 17:35:18 UTC 2022,2621440
/sys/fs/resctrl/memcached-server-rdt/mon_data/mon_L3_00/llc_occupancy,Fri Aug 19 17:35:21 UTC 2022,2662400
/sys/fs/resctrl/memcached-server-rdt/mon_data/mon_L3_00/llc_occupancy,Fri Aug 19 17:35:24 UTC 2022,2293760
/sys/fs/resctrl/memcached-server-rdt/mon_data/mon_L3_00/llc_occupancy,Fri Aug 19 17:35:27 UTC 2022,2580480
/sys/fs/resctrl/memcached-server-rdt/mon_data/mon_L3_00/llc_occupancy,Fri Aug 19 17:35:30 UTC 2022,2252800
/sys/fs/resctrl/memcached-server-rdt/mon_data/mon_L3_00/llc_occupancy,Fri Aug 19 17:35:33 UTC 2022,2621440
/sys/fs/resctrl/memcached-server-rdt/mon_data/mon_L3_00/llc_occupancy,Fri Aug 19 17:35:36 UTC 2022,2580480
/sys/fs/resctrl/memcached-server-rdt/mon_data/mon_L3_00/llc_occupancy,Fri Aug 19 17:35:39 UTC 2022,2252800
/sys/fs/resctrl/memcached-server-rdt/mon_data/mon_L3_00/llc_occupancy,Fri Aug 19 17:35:42 UTC 2022,2293760
/sys/fs/resctrl/memcached-server-rdt/mon_data/mon_L3_00/llc_occupancy,Fri Aug 19 17:35:45 UTC 2022,2457600
/sys/fs/resctrl/memcached-server-rdt/mon_data/mon_L3_00/llc_occupancy,Fri Aug 19 17:35:48 UTC 2022,2908160
/sys/fs/resctrl/memcached-server-rdt/mon_data/mon_L3_00/llc_occupancy,Fri Aug 19 17:35:51 UTC 2022,2826240
/sys/fs/resctrl/memcached-server-rdt/mon_data/mon_L3_00/llc_occupancy,Fri Aug 19 17:35:54 UTC 2022,1474560
/sys/fs/resctrl/memcached-server-rdt/mon_data/mon_L3_00/llc_occupancy,Fri Aug 19 17:35:57 UTC 2022,0
/sys/fs/resctrl/memcached-server-rdt/mon_data/mon_L3_00/llc_occupancy,Fri Aug 19 17:36:00 UTC 2022,0
/sys/fs/resctrl/memcached-server-rdt/mon_data/mon_L3_00/llc_occupancy,Fri Aug 19 17:36:03 UTC 2022,2375680
/sys/fs/resctrl/memcached-server-rdt/mon_data/mon_L3_00/llc_occupancy,Fri Aug 19 17:36:06 UTC 2022,2088960
/sys/fs/resctrl/memcached-server-rdt/mon_data/mon_L3_00/llc_occupancy,Fri Aug 19 17:36:09 UTC 2022,2621440
/sys/fs/resctrl/memcached-server-rdt/mon_data/mon_L3_00/llc_occupancy,Fri Aug 19 17:36:12 UTC 2022,1966080
/sys/fs/resctrl/memcached-server-rdt/mon_data/mon_L3_00/llc_occupancy,Fri Aug 19 17:36:15 UTC 2022,2252800
/sys/fs/resctrl/memcached-server-rdt/mon_data/mon_L3_00/llc_occupancy,Fri Aug 19 17:36:18 UTC 2022,2170880
/sys/fs/resctrl/memcached-server-rdt/mon_data/mon_L3_00/llc_occupancy,Fri Aug 19 17:36:21 UTC 2022,2334720
/sys/fs/resctrl/memcached-server-rdt/mon_data/mon_L3_00/llc_occupancy,Fri Aug 19 17:36:24 UTC 2022,2293760
/sys/fs/resctrl/memcached-server-rdt/mon_data/mon_L3_00/llc_occupancy,Fri Aug 19 17:36:27 UTC 2022,2662400
/sys/fs/resctrl/memcached-server-rdt/mon_data/mon_L3_00/llc_occupancy,Fri Aug 19 17:36:30 UTC 2022,2252800
/sys/fs/resctrl/memcached-server-rdt/mon_data/mon_L3_00/llc_occupancy,Fri Aug 19 17:36:33 UTC 2022,3194880
/sys/fs/resctrl/memcached-server-rdt/mon_data/mon_L3_00/llc_occupancy,Fri Aug 19 17:36:36 UTC 2022,2621440
/sys/fs/resctrl/memcached-server-rdt/mon_data/mon_L3_00/llc_occupancy,Fri Aug 19 17:36:39 UTC 2022,3072000
/sys/fs/resctrl/memcached-server-rdt/mon_data/mon_L3_00/llc_occupancy,Fri Aug 19 17:36:42 UTC 2022,2949120
/sys/fs/resctrl/memcached-server-rdt/mon_data/mon_L3_00/llc_occupancy,Fri Aug 19 17:36:45 UTC 2022,2375680
/sys/fs/resctrl/memcached-server-rdt/mon_data/mon_L3_00/llc_occupancy,Fri Aug 19 17:36:48 UTC 2022,2662400
/sys/fs/resctrl/memcached-server-rdt/mon_data/mon_L3_00/llc_occupancy,Fri Aug 19 17:36:51 UTC 2022,2744320
/sys/fs/resctrl/memcached-server-rdt/mon_data/mon_L3_00/llc_occupancy,Fri Aug 19 17:36:54 UTC 2022,2129920
/sys/fs/resctrl/memcached-server-rdt/mon_data/mon_L3_00/llc_occupancy,Fri Aug 19 17:36:57 UTC 2022,0
/sys/fs/resctrl/memcached-server-rdt/mon_data/mon_L3_00/llc_occupancy,Fri Aug 19 17:37:00 UTC 2022,0
/sys/fs/resctrl/memcached-server-rdt/mon_data/mon_L3_00/llc_occupancy,Fri Aug 19 17:37:03 UTC 2022,2703360
/sys/fs/resctrl/memcached-server-rdt/mon_data/mon_L3_00/llc_occupancy,Fri Aug 19 17:37:06 UTC 2022,2539520
/sys/fs/resctrl/memcached-server-rdt/mon_data/mon_L3_00/llc_occupancy,Fri Aug 19 17:37:09 UTC 2022,2990080
/sys/fs/resctrl/parsec-rdt/mon_data/mon_L3_00/llc_occupancy,Fri Aug 19 17:37:09 UTC 2022,0
/sys/fs/resctrl/memcached-server-rdt/mon_data/mon_L3_00/llc_occupancy,Fri Aug 19 17:37:12 UTC 2022,2539520
/sys/fs/resctrl/parsec-rdt/mon_data/mon_L3_00/llc_occupancy,Fri Aug 19 17:37:12 UTC 2022,0
/sys/fs/resctrl/memcached-server-rdt/mon_data/mon_L3_00/llc_occupancy,Fri Aug 19 17:37:15 UTC 2022,2826240
/sys/fs/resctrl/parsec-rdt/mon_data/mon_L3_00/llc_occupancy,Fri Aug 19 17:37:15 UTC 2022,0
/sys/fs/resctrl/memcached-server-rdt/mon_data/mon_L3_00/llc_occupancy,Fri Aug 19 17:37:18 UTC 2022,2744320
/sys/fs/resctrl/parsec-rdt/mon_data/mon_L3_00/llc_occupancy,Fri Aug 19 17:37:18 UTC 2022,0
/sys/fs/resctrl/memcached-server-rdt/mon_data/mon_L3_00/llc_occupancy,Fri Aug 19 17:37:21 UTC 2022,2580480
/sys/fs/resctrl/parsec-rdt/mon_data/mon_L3_00/llc_occupancy,Fri Aug 19 17:37:21 UTC 2022,0
/sys/fs/resctrl/memcached-server-rdt/mon_data/mon_L3_00/llc_occupancy,Fri Aug 19 17:37:24 UTC 2022,2703360
/sys/fs/resctrl/parsec-rdt/mon_data/mon_L3_00/llc_occupancy,Fri Aug 19 17:37:24 UTC 2022,0
/sys/fs/resctrl/memcached-server-rdt/mon_data/mon_L3_00/llc_occupancy,Fri Aug 19 17:37:27 UTC 2022,2580480
/sys/fs/resctrl/parsec-rdt/mon_data/mon_L3_00/llc_occupancy,Fri Aug 19 17:37:27 UTC 2022,0
/sys/fs/resctrl/memcached-server-rdt/mon_data/mon_L3_00/llc_occupancy,Fri Aug 19 17:37:30 UTC 2022,2621440
/sys/fs/resctrl/parsec-rdt/mon_data/mon_L3_00/llc_occupancy,Fri Aug 19 17:37:30 UTC 2022,0
/sys/fs/resctrl/memcached-server-rdt/mon_data/mon_L3_00/llc_occupancy,Fri Aug 19 17:37:33 UTC 2022,2621440
/sys/fs/resctrl/parsec-rdt/mon_data/mon_L3_00/llc_occupancy,Fri Aug 19 17:37:33 UTC 2022,0
/sys/fs/resctrl/memcached-server-rdt/mon_data/mon_L3_00/llc_occupancy,Fri Aug 19 17:37:36 UTC 2022,2498560
/sys/fs/resctrl/parsec-rdt/mon_data/mon_L3_00/llc_occupancy,Fri Aug 19 17:37:36 UTC 2022,0
/sys/fs/resctrl/memcached-server-rdt/mon_data/mon_L3_00/llc_occupancy,Fri Aug 19 17:37:39 UTC 2022,2088960
/sys/fs/resctrl/parsec-rdt/mon_data/mon_L3_00/llc_occupancy,Fri Aug 19 17:37:39 UTC 2022,0
/sys/fs/resctrl/memcached-server-rdt/mon_data/mon_L3_00/llc_occupancy,Fri Aug 19 17:37:42 UTC 2022,2703360
/sys/fs/resctrl/parsec-rdt/mon_data/mon_L3_00/llc_occupancy,Fri Aug 19 17:37:42 UTC 2022,0
/sys/fs/resctrl/memcached-server-rdt/mon_data/mon_L3_00/llc_occupancy,Fri Aug 19 17:37:45 UTC 2022,2498560
/sys/fs/resctrl/parsec-rdt/mon_data/mon_L3_00/llc_occupancy,Fri Aug 19 17:37:45 UTC 2022,0
/sys/fs/resctrl/memcached-server-rdt/mon_data/mon_L3_00/llc_occupancy,Fri Aug 19 17:37:48 UTC 2022,2293760
/sys/fs/resctrl/parsec-rdt/mon_data/mon_L3_00/llc_occupancy,Fri Aug 19 17:37:48 UTC 2022,0
/sys/fs/resctrl/memcached-server-rdt/mon_data/mon_L3_00/llc_occupancy,Fri Aug 19 17:37:51 UTC 2022,2580480
/sys/fs/resctrl/parsec-rdt/mon_data/mon_L3_00/llc_occupancy,Fri Aug 19 17:37:51 UTC 2022,0
/sys/fs/resctrl/memcached-server-rdt/mon_data/mon_L3_00/llc_occupancy,Fri Aug 19 17:37:54 UTC 2022,1802240
/sys/fs/resctrl/parsec-rdt/mon_data/mon_L3_00/llc_occupancy,Fri Aug 19 17:37:54 UTC 2022,0
/sys/fs/resctrl/memcached-server-rdt/mon_data/mon_L3_00/llc_occupancy,Fri Aug 19 17:37:58 UTC 2022,40960
/sys/fs/resctrl/parsec-rdt/mon_data/mon_L3_00/llc_occupancy,Fri Aug 19 17:37:58 UTC 2022,0
/sys/fs/resctrl/memcached-server-rdt/mon_data/mon_L3_00/llc_occupancy,Fri Aug 19 17:38:01 UTC 2022,40960
/sys/fs/resctrl/parsec-rdt/mon_data/mon_L3_00/llc_occupancy,Fri Aug 19 17:38:01 UTC 2022,0
/sys/fs/resctrl/memcached-server-rdt/mon_data/mon_L3_00/llc_occupancy,Fri Aug 19 17:38:04 UTC 2022,2416640
/sys/fs/resctrl/parsec-rdt/mon_data/mon_L3_00/llc_occupancy,Fri Aug 19 17:38:04 UTC 2022,0
/sys/fs/resctrl/memcached-server-rdt/mon_data/mon_L3_00/llc_occupancy,Fri Aug 19 17:38:07 UTC 2022,2621440
/sys/fs/resctrl/parsec-rdt/mon_data/mon_L3_00/llc_occupancy,Fri Aug 19 17:38:07 UTC 2022,2334720
/sys/fs/resctrl/memcached-server-rdt/mon_data/mon_L3_00/llc_occupancy,Fri Aug 19 17:38:10 UTC 2022,2703360
/sys/fs/resctrl/parsec-rdt/mon_data/mon_L3_00/llc_occupancy,Fri Aug 19 17:38:10 UTC 2022,2580480
/sys/fs/resctrl/memcached-server-rdt/mon_data/mon_L3_00/llc_occupancy,Fri Aug 19 17:38:13 UTC 2022,3522560
/sys/fs/resctrl/parsec-rdt/mon_data/mon_L3_00/llc_occupancy,Fri Aug 19 17:38:13 UTC 2022,3563520
/sys/fs/resctrl/memcached-server-rdt/mon_data/mon_L3_00/llc_occupancy,Fri Aug 19 17:38:16 UTC 2022,3522560
/sys/fs/resctrl/parsec-rdt/mon_data/mon_L3_00/llc_occupancy,Fri Aug 19 17:38:16 UTC 2022,3932160
/sys/fs/resctrl/memcached-server-rdt/mon_data/mon_L3_00/llc_occupancy,Fri Aug 19 17:38:19 UTC 2022,3031040
/sys/fs/resctrl/parsec-rdt/mon_data/mon_L3_00/llc_occupancy,Fri Aug 19 17:38:19 UTC 2022,3973120
/sys/fs/resctrl/memcached-server-rdt/mon_data/mon_L3_00/llc_occupancy,Fri Aug 19 17:38:22 UTC 2022,2908160
/sys/fs/resctrl/parsec-rdt/mon_data/mon_L3_00/llc_occupancy,Fri Aug 19 17:38:22 UTC 2022,2457600
/sys/fs/resctrl/memcached-server-rdt/mon_data/mon_L3_00/llc_occupancy,Fri Aug 19 17:38:25 UTC 2022,3563520
/sys/fs/resctrl/parsec-rdt/mon_data/mon_L3_00/llc_occupancy,Fri Aug 19 17:38:25 UTC 2022,3809280
/sys/fs/resctrl/memcached-server-rdt/mon_data/mon_L3_00/llc_occupancy,Fri Aug 19 17:38:28 UTC 2022,3645440
/sys/fs/resctrl/parsec-rdt/mon_data/mon_L3_00/llc_occupancy,Fri Aug 19 17:38:28 UTC 2022,3973120
/sys/fs/resctrl/memcached-server-rdt/mon_data/mon_L3_00/llc_occupancy,Fri Aug 19 17:38:31 UTC 2022,3399680
/sys/fs/resctrl/parsec-rdt/mon_data/mon_L3_00/llc_occupancy,Fri Aug 19 17:38:31 UTC 2022,3932160
/sys/fs/resctrl/memcached-server-rdt/mon_data/mon_L3_00/llc_occupancy,Fri Aug 19 17:38:34 UTC 2022,3399680
/sys/fs/resctrl/parsec-rdt/mon_data/mon_L3_00/llc_occupancy,Fri Aug 19 17:38:34 UTC 2022,3891200
/sys/fs/resctrl/memcached-server-rdt/mon_data/mon_L3_00/llc_occupancy,Fri Aug 19 17:38:37 UTC 2022,2703360
/sys/fs/resctrl/parsec-rdt/mon_data/mon_L3_00/llc_occupancy,Fri Aug 19 17:38:37 UTC 2022,3973120
/sys/fs/resctrl/memcached-server-rdt/mon_data/mon_L3_00/llc_occupancy,Fri Aug 19 17:38:40 UTC 2022,3194880
/sys/fs/resctrl/parsec-rdt/mon_data/mon_L3_00/llc_occupancy,Fri Aug 19 17:38:40 UTC 2022,4014080
/sys/fs/resctrl/memcached-server-rdt/mon_data/mon_L3_00/llc_occupancy,Fri Aug 19 17:38:43 UTC 2022,3317760
/sys/fs/resctrl/parsec-rdt/mon_data/mon_L3_00/llc_occupancy,Fri Aug 19 17:38:43 UTC 2022,3850240
/sys/fs/resctrl/memcached-server-rdt/mon_data/mon_L3_00/llc_occupancy,Fri Aug 19 17:38:46 UTC 2022,3112960
/sys/fs/resctrl/parsec-rdt/mon_data/mon_L3_00/llc_occupancy,Fri Aug 19 17:38:46 UTC 2022,3973120
/sys/fs/resctrl/memcached-server-rdt/mon_data/mon_L3_00/llc_occupancy,Fri Aug 19 17:38:49 UTC 2022,2867200
/sys/fs/resctrl/parsec-rdt/mon_data/mon_L3_00/llc_occupancy,Fri Aug 19 17:38:49 UTC 2022,3932160
/sys/fs/resctrl/memcached-server-rdt/mon_data/mon_L3_00/llc_occupancy,Fri Aug 19 17:38:52 UTC 2022,3112960
/sys/fs/resctrl/parsec-rdt/mon_data/mon_L3_00/llc_occupancy,Fri Aug 19 17:38:52 UTC 2022,3686400
/sys/fs/resctrl/memcached-server-rdt/mon_data/mon_L3_00/llc_occupancy,Fri Aug 19 17:38:55 UTC 2022,3031040
/sys/fs/resctrl/parsec-rdt/mon_data/mon_L3_00/llc_occupancy,Fri Aug 19 17:38:55 UTC 2022,4014080
/sys/fs/resctrl/memcached-server-rdt/mon_data/mon_L3_00/llc_occupancy,Fri Aug 19 17:38:58 UTC 2022,122880
/sys/fs/resctrl/parsec-rdt/mon_data/mon_L3_00/llc_occupancy,Fri Aug 19 17:38:58 UTC 2022,4014080
/sys/fs/resctrl/memcached-server-rdt/mon_data/mon_L3_00/llc_occupancy,Fri Aug 19 17:39:01 UTC 2022,40960
/sys/fs/resctrl/parsec-rdt/mon_data/mon_L3_00/llc_occupancy,Fri Aug 19 17:39:01 UTC 2022,3440640
/sys/fs/resctrl/memcached-server-rdt/mon_data/mon_L3_00/llc_occupancy,Fri Aug 19 17:39:04 UTC 2022,3809280
/sys/fs/resctrl/parsec-rdt/mon_data/mon_L3_00/llc_occupancy,Fri Aug 19 17:39:04 UTC 2022,4014080
/sys/fs/resctrl/memcached-server-rdt/mon_data/mon_L3_00/llc_occupancy,Fri Aug 19 17:39:07 UTC 2022,3850240
/sys/fs/resctrl/parsec-rdt/mon_data/mon_L3_00/llc_occupancy,Fri Aug 19 17:39:07 UTC 2022,3932160
/sys/fs/resctrl/memcached-server-rdt/mon_data/mon_L3_00/llc_occupancy,Fri Aug 19 17:39:10 UTC 2022,3276800
/sys/fs/resctrl/parsec-rdt/mon_data/mon_L3_00/llc_occupancy,Fri Aug 19 17:39:10 UTC 2022,4014080
/sys/fs/resctrl/memcached-server-rdt/mon_data/mon_L3_00/llc_occupancy,Fri Aug 19 17:39:13 UTC 2022,3153920
/sys/fs/resctrl/parsec-rdt/mon_data/mon_L3_00/llc_occupancy,Fri Aug 19 17:39:13 UTC 2022,4014080
/sys/fs/resctrl/memcached-server-rdt/mon_data/mon_L3_00/llc_occupancy,Fri Aug 19 17:39:16 UTC 2022,3481600
/sys/fs/resctrl/parsec-rdt/mon_data/mon_L3_00/llc_occupancy,Fri Aug 19 17:39:16 UTC 2022,4014080
/sys/fs/resctrl/memcached-server-rdt/mon_data/mon_L3_00/llc_occupancy,Fri Aug 19 17:39:19 UTC 2022,3768320
/sys/fs/resctrl/parsec-rdt/mon_data/mon_L3_00/llc_occupancy,Fri Aug 19 17:39:19 UTC 2022,3973120
/sys/fs/resctrl/memcached-server-rdt/mon_data/mon_L3_00/llc_occupancy,Fri Aug 19 17:39:22 UTC 2022,3358720
/sys/fs/resctrl/parsec-rdt/mon_data/mon_L3_00/llc_occupancy,Fri Aug 19 17:39:22 UTC 2022,3850240
/sys/fs/resctrl/memcached-server-rdt/mon_data/mon_L3_00/llc_occupancy,Fri Aug 19 17:39:25 UTC 2022,3194880
/sys/fs/resctrl/parsec-rdt/mon_data/mon_L3_00/llc_occupancy,Fri Aug 19 17:39:25 UTC 2022,4014080
/sys/fs/resctrl/memcached-server-rdt/mon_data/mon_L3_00/llc_occupancy,Fri Aug 19 17:39:28 UTC 2022,3645440
/sys/fs/resctrl/parsec-rdt/mon_data/mon_L3_00/llc_occupancy,Fri Aug 19 17:39:28 UTC 2022,4014080
/sys/fs/resctrl/memcached-server-rdt/mon_data/mon_L3_00/llc_occupancy,Fri Aug 19 17:39:31 UTC 2022,3645440
/sys/fs/resctrl/parsec-rdt/mon_data/mon_L3_00/llc_occupancy,Fri Aug 19 17:39:31 UTC 2022,2252800
/sys/fs/resctrl/memcached-server-rdt/mon_data/mon_L3_00/llc_occupancy,Fri Aug 19 17:39:34 UTC 2022,3645440
/sys/fs/resctrl/parsec-rdt/mon_data/mon_L3_00/llc_occupancy,Fri Aug 19 17:39:34 UTC 2022,3973120
/sys/fs/resctrl/memcached-server-rdt/mon_data/mon_L3_00/llc_occupancy,Fri Aug 19 17:39:37 UTC 2022,3645440
/sys/fs/resctrl/parsec-rdt/mon_data/mon_L3_00/llc_occupancy,Fri Aug 19 17:39:37 UTC 2022,3891200
/sys/fs/resctrl/memcached-server-rdt/mon_data/mon_L3_00/llc_occupancy,Fri Aug 19 17:39:40 UTC 2022,3522560
/sys/fs/resctrl/parsec-rdt/mon_data/mon_L3_00/llc_occupancy,Fri Aug 19 17:39:40 UTC 2022,4055040
/sys/fs/resctrl/memcached-server-rdt/mon_data/mon_L3_00/llc_occupancy,Fri Aug 19 17:39:43 UTC 2022,3358720
/sys/fs/resctrl/parsec-rdt/mon_data/mon_L3_00/llc_occupancy,Fri Aug 19 17:39:43 UTC 2022,3850240
/sys/fs/resctrl/memcached-server-rdt/mon_data/mon_L3_00/llc_occupancy,Fri Aug 19 17:39:46 UTC 2022,3399680
/sys/fs/resctrl/parsec-rdt/mon_data/mon_L3_00/llc_occupancy,Fri Aug 19 17:39:46 UTC 2022,3768320
/sys/fs/resctrl/memcached-server-rdt/mon_data/mon_L3_00/llc_occupancy,Fri Aug 19 17:39:49 UTC 2022,3358720
/sys/fs/resctrl/parsec-rdt/mon_data/mon_L3_00/llc_occupancy,Fri Aug 19 17:39:49 UTC 2022,4014080
/sys/fs/resctrl/memcached-server-rdt/mon_data/mon_L3_00/llc_occupancy,Fri Aug 19 17:39:52 UTC 2022,3563520
/sys/fs/resctrl/parsec-rdt/mon_data/mon_L3_00/llc_occupancy,Fri Aug 19 17:39:52 UTC 2022,3973120
/sys/fs/resctrl/memcached-server-rdt/mon_data/mon_L3_00/llc_occupancy,Fri Aug 19 17:39:55 UTC 2022,3153920
/sys/fs/resctrl/parsec-rdt/mon_data/mon_L3_00/llc_occupancy,Fri Aug 19 17:39:55 UTC 2022,3973120
/sys/fs/resctrl/memcached-server-rdt/mon_data/mon_L3_00/llc_occupancy,Fri Aug 19 17:39:58 UTC 2022,409600
/sys/fs/resctrl/parsec-rdt/mon_data/mon_L3_00/llc_occupancy,Fri Aug 19 17:39:58 UTC 2022,3973120
/sys/fs/resctrl/memcached-server-rdt/mon_data/mon_L3_00/llc_occupancy,Fri Aug 19 17:40:01 UTC 2022,81920
/sys/fs/resctrl/parsec-rdt/mon_data/mon_L3_00/llc_occupancy,Fri Aug 19 17:40:01 UTC 2022,3727360
/sys/fs/resctrl/memcached-server-rdt/mon_data/mon_L3_00/llc_occupancy,Fri Aug 19 17:40:04 UTC 2022,2334720
/sys/fs/resctrl/parsec-rdt/mon_data/mon_L3_00/llc_occupancy,Fri Aug 19 17:40:04 UTC 2022,286720
/sys/fs/resctrl/memcached-server-rdt/mon_data/mon_L3_00/llc_occupancy,Fri Aug 19 17:40:07 UTC 2022,2990080
/sys/fs/resctrl/parsec-rdt/mon_data/mon_L3_00/llc_occupancy,Fri Aug 19 17:40:07 UTC 2022,81920
/sys/fs/resctrl/memcached-server-rdt/mon_data/mon_L3_00/llc_occupancy,Fri Aug 19 17:40:10 UTC 2022,2293760
/sys/fs/resctrl/parsec-rdt/mon_data/mon_L3_00/llc_occupancy,Fri Aug 19 17:40:10 UTC 2022,0
/sys/fs/resctrl/memcached-server-rdt/mon_data/mon_L3_00/llc_occupancy,Fri Aug 19 17:40:13 UTC 2022,2293760
/sys/fs/resctrl/parsec-rdt/mon_data/mon_L3_00/llc_occupancy,Fri Aug 19 17:40:13 UTC 2022,0
/sys/fs/resctrl/memcached-server-rdt/mon_data/mon_L3_00/llc_occupancy,Fri Aug 19 17:40:16 UTC 2022,2416640
/sys/fs/resctrl/parsec-rdt/mon_data/mon_L3_00/llc_occupancy,Fri Aug 19 17:40:16 UTC 2022,0
/sys/fs/resctrl/memcached-server-rdt/mon_data/mon_L3_00/llc_occupancy,Fri Aug 19 17:40:19 UTC 2022,2949120
/sys/fs/resctrl/parsec-rdt/mon_data/mon_L3_00/llc_occupancy,Fri Aug 19 17:40:19 UTC 2022,0
/sys/fs/resctrl/memcached-server-rdt/mon_data/mon_L3_00/llc_occupancy,Fri Aug 19 17:40:22 UTC 2022,3112960
/sys/fs/resctrl/parsec-rdt/mon_data/mon_L3_00/llc_occupancy,Fri Aug 19 17:40:22 UTC 2022,0
/sys/fs/resctrl/memcached-server-rdt/mon_data/mon_L3_00/llc_occupancy,Fri Aug 19 17:40:25 UTC 2022,3072000
/sys/fs/resctrl/parsec-rdt/mon_data/mon_L3_00/llc_occupancy,Fri Aug 19 17:40:25 UTC 2022,0
/sys/fs/resctrl/memcached-server-rdt/mon_data/mon_L3_00/llc_occupancy,Fri Aug 19 17:40:28 UTC 2022,2662400
/sys/fs/resctrl/parsec-rdt/mon_data/mon_L3_00/llc_occupancy,Fri Aug 19 17:40:28 UTC 2022,0
/sys/fs/resctrl/memcached-server-rdt/mon_data/mon_L3_00/llc_occupancy,Fri Aug 19 17:40:31 UTC 2022,2908160
/sys/fs/resctrl/parsec-rdt/mon_data/mon_L3_00/llc_occupancy,Fri Aug 19 17:40:31 UTC 2022,0
/sys/fs/resctrl/memcached-server-rdt/mon_data/mon_L3_00/llc_occupancy,Fri Aug 19 17:40:34 UTC 2022,2375680
/sys/fs/resctrl/parsec-rdt/mon_data/mon_L3_00/llc_occupancy,Fri Aug 19 17:40:34 UTC 2022,0
/sys/fs/resctrl/memcached-server-rdt/mon_data/mon_L3_00/llc_occupancy,Fri Aug 19 17:40:37 UTC 2022,2785280
/sys/fs/resctrl/parsec-rdt/mon_data/mon_L3_00/llc_occupancy,Fri Aug 19 17:40:37 UTC 2022,0
/sys/fs/resctrl/memcached-server-rdt/mon_data/mon_L3_00/llc_occupancy,Fri Aug 19 17:40:40 UTC 2022,2580480
/sys/fs/resctrl/parsec-rdt/mon_data/mon_L3_00/llc_occupancy,Fri Aug 19 17:40:40 UTC 2022,0
/sys/fs/resctrl/memcached-server-rdt/mon_data/mon_L3_00/llc_occupancy,Fri Aug 19 17:40:43 UTC 2022,2539520
/sys/fs/resctrl/parsec-rdt/mon_data/mon_L3_00/llc_occupancy,Fri Aug 19 17:40:43 UTC 2022,0
/sys/fs/resctrl/memcached-server-rdt/mon_data/mon_L3_00/llc_occupancy,Fri Aug 19 17:40:46 UTC 2022,2498560
/sys/fs/resctrl/parsec-rdt/mon_data/mon_L3_00/llc_occupancy,Fri Aug 19 17:40:46 UTC 2022,0
/sys/fs/resctrl/memcached-server-rdt/mon_data/mon_L3_00/llc_occupancy,Fri Aug 19 17:40:49 UTC 2022,2416640
/sys/fs/resctrl/parsec-rdt/mon_data/mon_L3_00/llc_occupancy,Fri Aug 19 17:40:49 UTC 2022,0
/sys/fs/resctrl/memcached-server-rdt/mon_data/mon_L3_00/llc_occupancy,Fri Aug 19 17:40:52 UTC 2022,2334720
/sys/fs/resctrl/parsec-rdt/mon_data/mon_L3_00/llc_occupancy,Fri Aug 19 17:40:52 UTC 2022,0
/sys/fs/resctrl/memcached-server-rdt/mon_data/mon_L3_00/llc_occupancy,Fri Aug 19 17:40:55 UTC 2022,1638400
/sys/fs/resctrl/parsec-rdt/mon_data/mon_L3_00/llc_occupancy,Fri Aug 19 17:40:55 UTC 2022,0
/sys/fs/resctrl/memcached-server-rdt/mon_data/mon_L3_00/llc_occupancy,Fri Aug 19 17:40:58 UTC 2022,0
/sys/fs/resctrl/parsec-rdt/mon_data/mon_L3_00/llc_occupancy,Fri Aug 19 17:40:58 UTC 2022,0
/sys/fs/resctrl/memcached-server-rdt/mon_data/mon_L3_00/llc_occupancy,Fri Aug 19 17:41:01 UTC 2022,0
/sys/fs/resctrl/parsec-rdt/mon_data/mon_L3_00/llc_occupancy,Fri Aug 19 17:41:01 UTC 2022,0
/sys/fs/resctrl/memcached-server-rdt/mon_data/mon_L3_00/llc_occupancy,Fri Aug 19 17:41:04 UTC 2022,3031040
/sys/fs/resctrl/parsec-rdt/mon_data/mon_L3_00/llc_occupancy,Fri Aug 19 17:41:04 UTC 2022,1843200
/sys/fs/resctrl/memcached-server-rdt/mon_data/mon_L3_00/llc_occupancy,Fri Aug 19 17:41:07 UTC 2022,2211840
/sys/fs/resctrl/parsec-rdt/mon_data/mon_L3_00/llc_occupancy,Fri Aug 19 17:41:07 UTC 2022,614400
/sys/fs/resctrl/memcached-server-rdt/mon_data/mon_L3_00/llc_occupancy,Fri Aug 19 17:41:10 UTC 2022,3399680
/sys/fs/resctrl/parsec-rdt/mon_data/mon_L3_00/llc_occupancy,Fri Aug 19 17:41:10 UTC 2022,3932160
/sys/fs/resctrl/memcached-server-rdt/mon_data/mon_L3_00/llc_occupancy,Fri Aug 19 17:41:13 UTC 2022,3235840
/sys/fs/resctrl/parsec-rdt/mon_data/mon_L3_00/llc_occupancy,Fri Aug 19 17:41:13 UTC 2022,3809280
/sys/fs/resctrl/memcached-server-rdt/mon_data/mon_L3_00/llc_occupancy,Fri Aug 19 17:41:16 UTC 2022,3809280
/sys/fs/resctrl/parsec-rdt/mon_data/mon_L3_00/llc_occupancy,Fri Aug 19 17:41:16 UTC 2022,3809280
/sys/fs/resctrl/memcached-server-rdt/mon_data/mon_L3_00/llc_occupancy,Fri Aug 19 17:41:19 UTC 2022,3153920
/sys/fs/resctrl/parsec-rdt/mon_data/mon_L3_00/llc_occupancy,Fri Aug 19 17:41:19 UTC 2022,3768320
/sys/fs/resctrl/memcached-server-rdt/mon_data/mon_L3_00/llc_occupancy,Fri Aug 19 17:41:22 UTC 2022,3153920
/sys/fs/resctrl/parsec-rdt/mon_data/mon_L3_00/llc_occupancy,Fri Aug 19 17:41:22 UTC 2022,3235840
/sys/fs/resctrl/memcached-server-rdt/mon_data/mon_L3_00/llc_occupancy,Fri Aug 19 17:41:25 UTC 2022,3686400
/sys/fs/resctrl/parsec-rdt/mon_data/mon_L3_00/llc_occupancy,Fri Aug 19 17:41:25 UTC 2022,3768320
/sys/fs/resctrl/memcached-server-rdt/mon_data/mon_L3_00/llc_occupancy,Fri Aug 19 17:41:28 UTC 2022,3481600
/sys/fs/resctrl/parsec-rdt/mon_data/mon_L3_00/llc_occupancy,Fri Aug 19 17:41:28 UTC 2022,3932160
/sys/fs/resctrl/memcached-server-rdt/mon_data/mon_L3_00/llc_occupancy,Fri Aug 19 17:41:31 UTC 2022,3194880
/sys/fs/resctrl/parsec-rdt/mon_data/mon_L3_00/llc_occupancy,Fri Aug 19 17:41:31 UTC 2022,2949120
/sys/fs/resctrl/memcached-server-rdt/mon_data/mon_L3_00/llc_occupancy,Fri Aug 19 17:41:34 UTC 2022,3686400
/sys/fs/resctrl/parsec-rdt/mon_data/mon_L3_00/llc_occupancy,Fri Aug 19 17:41:34 UTC 2022,3973120
/sys/fs/resctrl/memcached-server-rdt/mon_data/mon_L3_00/llc_occupancy,Fri Aug 19 17:41:37 UTC 2022,3604480
/sys/fs/resctrl/parsec-rdt/mon_data/mon_L3_00/llc_occupancy,Fri Aug 19 17:41:37 UTC 2022,3809280
/sys/fs/resctrl/memcached-server-rdt/mon_data/mon_L3_00/llc_occupancy,Fri Aug 19 17:41:40 UTC 2022,3481600
/sys/fs/resctrl/parsec-rdt/mon_data/mon_L3_00/llc_occupancy,Fri Aug 19 17:41:40 UTC 2022,3317760
/sys/fs/resctrl/memcached-server-rdt/mon_data/mon_L3_00/llc_occupancy,Fri Aug 19 17:41:43 UTC 2022,3727360
/sys/fs/resctrl/parsec-rdt/mon_data/mon_L3_00/llc_occupancy,Fri Aug 19 17:41:43 UTC 2022,3973120
/sys/fs/resctrl/memcached-server-rdt/mon_data/mon_L3_00/llc_occupancy,Fri Aug 19 17:41:46 UTC 2022,3850240
/sys/fs/resctrl/parsec-rdt/mon_data/mon_L3_00/llc_occupancy,Fri Aug 19 17:41:46 UTC 2022,3850240
/sys/fs/resctrl/memcached-server-rdt/mon_data/mon_L3_00/llc_occupancy,Fri Aug 19 17:41:49 UTC 2022,3604480
/sys/fs/resctrl/parsec-rdt/mon_data/mon_L3_00/llc_occupancy,Fri Aug 19 17:41:49 UTC 2022,3809280
/sys/fs/resctrl/memcached-server-rdt/mon_data/mon_L3_00/llc_occupancy,Fri Aug 19 17:41:52 UTC 2022,3194880
/sys/fs/resctrl/parsec-rdt/mon_data/mon_L3_00/llc_occupancy,Fri Aug 19 17:41:52 UTC 2022,3932160
/sys/fs/resctrl/memcached-server-rdt/mon_data/mon_L3_00/llc_occupancy,Fri Aug 19 17:41:55 UTC 2022,2990080
/sys/fs/resctrl/parsec-rdt/mon_data/mon_L3_00/llc_occupancy,Fri Aug 19 17:41:55 UTC 2022,2949120
/sys/fs/resctrl/memcached-server-rdt/mon_data/mon_L3_00/llc_occupancy,Fri Aug 19 17:41:58 UTC 2022,245760
/sys/fs/resctrl/parsec-rdt/mon_data/mon_L3_00/llc_occupancy,Fri Aug 19 17:41:58 UTC 2022,3932160
/sys/fs/resctrl/memcached-server-rdt/mon_data/mon_L3_00/llc_occupancy,Fri Aug 19 17:42:01 UTC 2022,163840
/sys/fs/resctrl/parsec-rdt/mon_data/mon_L3_00/llc_occupancy,Fri Aug 19 17:42:01 UTC 2022,3891200
/sys/fs/resctrl/memcached-server-rdt/mon_data/mon_L3_00/llc_occupancy,Fri Aug 19 17:42:04 UTC 2022,3358720
/sys/fs/resctrl/parsec-rdt/mon_data/mon_L3_00/llc_occupancy,Fri Aug 19 17:42:04 UTC 2022,3850240
/sys/fs/resctrl/memcached-server-rdt/mon_data/mon_L3_00/llc_occupancy,Fri Aug 19 17:42:08 UTC 2022,3522560
/sys/fs/resctrl/parsec-rdt/mon_data/mon_L3_00/llc_occupancy,Fri Aug 19 17:42:08 UTC 2022,3973120
/sys/fs/resctrl/memcached-server-rdt/mon_data/mon_L3_00/llc_occupancy,Fri Aug 19 17:42:11 UTC 2022,3358720
/sys/fs/resctrl/parsec-rdt/mon_data/mon_L3_00/llc_occupancy,Fri Aug 19 17:42:11 UTC 2022,3645440
/sys/fs/resctrl/memcached-server-rdt/mon_data/mon_L3_00/llc_occupancy,Fri Aug 19 17:42:14 UTC 2022,3481600
/sys/fs/resctrl/parsec-rdt/mon_data/mon_L3_00/llc_occupancy,Fri Aug 19 17:42:14 UTC 2022,3645440
/sys/fs/resctrl/memcached-server-rdt/mon_data/mon_L3_00/llc_occupancy,Fri Aug 19 17:42:17 UTC 2022,3358720
/sys/fs/resctrl/parsec-rdt/mon_data/mon_L3_00/llc_occupancy,Fri Aug 19 17:42:17 UTC 2022,3481600
/sys/fs/resctrl/memcached-server-rdt/mon_data/mon_L3_00/llc_occupancy,Fri Aug 19 17:42:20 UTC 2022,3686400
/sys/fs/resctrl/parsec-rdt/mon_data/mon_L3_00/llc_occupancy,Fri Aug 19 17:42:20 UTC 2022,3686400
/sys/fs/resctrl/memcached-server-rdt/mon_data/mon_L3_00/llc_occupancy,Fri Aug 19 17:42:23 UTC 2022,3317760
/sys/fs/resctrl/parsec-rdt/mon_data/mon_L3_00/llc_occupancy,Fri Aug 19 17:42:23 UTC 2022,3850240
/sys/fs/resctrl/memcached-server-rdt/mon_data/mon_L3_00/llc_occupancy,Fri Aug 19 17:42:26 UTC 2022,2908160
/sys/fs/resctrl/parsec-rdt/mon_data/mon_L3_00/llc_occupancy,Fri Aug 19 17:42:26 UTC 2022,4014080
/sys/fs/resctrl/memcached-server-rdt/mon_data/mon_L3_00/llc_occupancy,Fri Aug 19 17:42:29 UTC 2022,3481600
/sys/fs/resctrl/parsec-rdt/mon_data/mon_L3_00/llc_occupancy,Fri Aug 19 17:42:29 UTC 2022,3317760
/sys/fs/resctrl/memcached-server-rdt/mon_data/mon_L3_00/llc_occupancy,Fri Aug 19 17:42:32 UTC 2022,3768320
/sys/fs/resctrl/parsec-rdt/mon_data/mon_L3_00/llc_occupancy,Fri Aug 19 17:42:32 UTC 2022,942080
/sys/fs/resctrl/memcached-server-rdt/mon_data/mon_L3_00/llc_occupancy,Fri Aug 19 17:42:35 UTC 2022,3604480
/sys/fs/resctrl/parsec-rdt/mon_data/mon_L3_00/llc_occupancy,Fri Aug 19 17:42:35 UTC 2022,40960
/sys/fs/resctrl/memcached-server-rdt/mon_data/mon_L3_00/llc_occupancy,Fri Aug 19 17:42:38 UTC 2022,2908160
/sys/fs/resctrl/parsec-rdt/mon_data/mon_L3_00/llc_occupancy,Fri Aug 19 17:42:38 UTC 2022,40960
/sys/fs/resctrl/memcached-server-rdt/mon_data/mon_L3_00/llc_occupancy,Fri Aug 19 17:42:41 UTC 2022,3358720
/sys/fs/resctrl/parsec-rdt/mon_data/mon_L3_00/llc_occupancy,Fri Aug 19 17:42:41 UTC 2022,0
/sys/fs/resctrl/memcached-server-rdt/mon_data/mon_L3_00/llc_occupancy,Fri Aug 19 17:42:44 UTC 2022,3072000
/sys/fs/resctrl/parsec-rdt/mon_data/mon_L3_00/llc_occupancy,Fri Aug 19 17:42:44 UTC 2022,0
/sys/fs/resctrl/memcached-server-rdt/mon_data/mon_L3_00/llc_occupancy,Fri Aug 19 17:42:47 UTC 2022,3153920
/sys/fs/resctrl/parsec-rdt/mon_data/mon_L3_00/llc_occupancy,Fri Aug 19 17:42:47 UTC 2022,0
/sys/fs/resctrl/memcached-server-rdt/mon_data/mon_L3_00/llc_occupancy,Fri Aug 19 17:42:50 UTC 2022,3276800
/sys/fs/resctrl/parsec-rdt/mon_data/mon_L3_00/llc_occupancy,Fri Aug 19 17:42:50 UTC 2022,0
/sys/fs/resctrl/memcached-server-rdt/mon_data/mon_L3_00/llc_occupancy,Fri Aug 19 17:42:53 UTC 2022,3399680
/sys/fs/resctrl/parsec-rdt/mon_data/mon_L3_00/llc_occupancy,Fri Aug 19 17:42:53 UTC 2022,0
/sys/fs/resctrl/memcached-server-rdt/mon_data/mon_L3_00/llc_occupancy,Fri Aug 19 17:42:56 UTC 2022,2129920
/sys/fs/resctrl/parsec-rdt/mon_data/mon_L3_00/llc_occupancy,Fri Aug 19 17:42:56 UTC 2022,0
/sys/fs/resctrl/memcached-server-rdt/mon_data/mon_L3_00/llc_occupancy,Fri Aug 19 17:42:59 UTC 2022,40960
/sys/fs/resctrl/parsec-rdt/mon_data/mon_L3_00/llc_occupancy,Fri Aug 19 17:42:59 UTC 2022,0
/sys/fs/resctrl/memcached-server-rdt/mon_data/mon_L3_00/llc_occupancy,Fri Aug 19 17:43:02 UTC 2022,40960
/sys/fs/resctrl/parsec-rdt/mon_data/mon_L3_00/llc_occupancy,Fri Aug 19 17:43:02 UTC 2022,0
/sys/fs/resctrl/memcached-server-rdt/mon_data/mon_L3_00/llc_occupancy,Fri Aug 19 17:43:05 UTC 2022,2785280
/sys/fs/resctrl/parsec-rdt/mon_data/mon_L3_00/llc_occupancy,Fri Aug 19 17:43:05 UTC 2022,0
/sys/fs/resctrl/memcached-server-rdt/mon_data/mon_L3_00/llc_occupancy,Fri Aug 19 17:43:08 UTC 2022,2662400
/sys/fs/resctrl/parsec-rdt/mon_data/mon_L3_00/llc_occupancy,Fri Aug 19 17:43:08 UTC 2022,0
/sys/fs/resctrl/memcached-server-rdt/mon_data/mon_L3_00/llc_occupancy,Fri Aug 19 17:43:11 UTC 2022,2580480
/sys/fs/resctrl/parsec-rdt/mon_data/mon_L3_00/llc_occupancy,Fri Aug 19 17:43:11 UTC 2022,0
/sys/fs/resctrl/memcached-server-rdt/mon_data/mon_L3_00/llc_occupancy,Fri Aug 19 17:43:14 UTC 2022,2539520
/sys/fs/resctrl/parsec-rdt/mon_data/mon_L3_00/llc_occupancy,Fri Aug 19 17:43:14 UTC 2022,0
/sys/fs/resctrl/memcached-server-rdt/mon_data/mon_L3_00/llc_occupancy,Fri Aug 19 17:43:17 UTC 2022,1392640
/sys/fs/resctrl/parsec-rdt/mon_data/mon_L3_00/llc_occupancy,Fri Aug 19 17:43:17 UTC 2022,0
/sys/fs/resctrl/memcached-server-rdt/mon_data/mon_L3_00/llc_occupancy,Fri Aug 19 17:43:20 UTC 2022,2416640
/sys/fs/resctrl/parsec-rdt/mon_data/mon_L3_00/llc_occupancy,Fri Aug 19 17:43:20 UTC 2022,0
/sys/fs/resctrl/memcached-server-rdt/mon_data/mon_L3_00/llc_occupancy,Fri Aug 19 17:43:23 UTC 2022,2785280
/sys/fs/resctrl/parsec-rdt/mon_data/mon_L3_00/llc_occupancy,Fri Aug 19 17:43:23 UTC 2022,0
/sys/fs/resctrl/memcached-server-rdt/mon_data/mon_L3_00/llc_occupancy,Fri Aug 19 17:43:26 UTC 2022,2703360
/sys/fs/resctrl/parsec-rdt/mon_data/mon_L3_00/llc_occupancy,Fri Aug 19 17:43:26 UTC 2022,0
/sys/fs/resctrl/memcached-server-rdt/mon_data/mon_L3_00/llc_occupancy,Fri Aug 19 17:43:29 UTC 2022,2908160
/sys/fs/resctrl/parsec-rdt/mon_data/mon_L3_00/llc_occupancy,Fri Aug 19 17:43:29 UTC 2022,2293760
/sys/fs/resctrl/memcached-server-rdt/mon_data/mon_L3_00/llc_occupancy,Fri Aug 19 17:43:32 UTC 2022,3686400
/sys/fs/resctrl/parsec-rdt/mon_data/mon_L3_00/llc_occupancy,Fri Aug 19 17:43:32 UTC 2022,1966080
/sys/fs/resctrl/memcached-server-rdt/mon_data/mon_L3_00/llc_occupancy,Fri Aug 19 17:43:35 UTC 2022,3317760
/sys/fs/resctrl/parsec-rdt/mon_data/mon_L3_00/llc_occupancy,Fri Aug 19 17:43:35 UTC 2022,3072000
/sys/fs/resctrl/memcached-server-rdt/mon_data/mon_L3_00/llc_occupancy,Fri Aug 19 17:43:38 UTC 2022,2949120
/sys/fs/resctrl/parsec-rdt/mon_data/mon_L3_00/llc_occupancy,Fri Aug 19 17:43:38 UTC 2022,3932160
/sys/fs/resctrl/memcached-server-rdt/mon_data/mon_L3_00/llc_occupancy,Fri Aug 19 17:43:41 UTC 2022,3563520
/sys/fs/resctrl/parsec-rdt/mon_data/mon_L3_00/llc_occupancy,Fri Aug 19 17:43:41 UTC 2022,3891200
/sys/fs/resctrl/memcached-server-rdt/mon_data/mon_L3_00/llc_occupancy,Fri Aug 19 17:43:44 UTC 2022,3235840
/sys/fs/resctrl/parsec-rdt/mon_data/mon_L3_00/llc_occupancy,Fri Aug 19 17:43:44 UTC 2022,3768320
/sys/fs/resctrl/memcached-server-rdt/mon_data/mon_L3_00/llc_occupancy,Fri Aug 19 17:43:47 UTC 2022,3031040
/sys/fs/resctrl/parsec-rdt/mon_data/mon_L3_00/llc_occupancy,Fri Aug 19 17:43:47 UTC 2022,3768320
/sys/fs/resctrl/memcached-server-rdt/mon_data/mon_L3_00/llc_occupancy,Fri Aug 19 17:43:50 UTC 2022,3399680
/sys/fs/resctrl/parsec-rdt/mon_data/mon_L3_00/llc_occupancy,Fri Aug 19 17:43:50 UTC 2022,3768320
/sys/fs/resctrl/memcached-server-rdt/mon_data/mon_L3_00/llc_occupancy,Fri Aug 19 17:43:53 UTC 2022,3276800
/sys/fs/resctrl/parsec-rdt/mon_data/mon_L3_00/llc_occupancy,Fri Aug 19 17:43:53 UTC 2022,3809280
/sys/fs/resctrl/memcached-server-rdt/mon_data/mon_L3_00/llc_occupancy,Fri Aug 19 17:43:56 UTC 2022,2990080
/sys/fs/resctrl/parsec-rdt/mon_data/mon_L3_00/llc_occupancy,Fri Aug 19 17:43:56 UTC 2022,3932160
/sys/fs/resctrl/memcached-server-rdt/mon_data/mon_L3_00/llc_occupancy,Fri Aug 19 17:43:59 UTC 2022,204800
/sys/fs/resctrl/parsec-rdt/mon_data/mon_L3_00/llc_occupancy,Fri Aug 19 17:43:59 UTC 2022,3768320
/sys/fs/resctrl/memcached-server-rdt/mon_data/mon_L3_00/llc_occupancy,Fri Aug 19 17:44:02 UTC 2022,40960
/sys/fs/resctrl/parsec-rdt/mon_data/mon_L3_00/llc_occupancy,Fri Aug 19 17:44:02 UTC 2022,3809280
/sys/fs/resctrl/memcached-server-rdt/mon_data/mon_L3_00/llc_occupancy,Fri Aug 19 17:44:05 UTC 2022,3522560
/sys/fs/resctrl/parsec-rdt/mon_data/mon_L3_00/llc_occupancy,Fri Aug 19 17:44:05 UTC 2022,3153920
/sys/fs/resctrl/memcached-server-rdt/mon_data/mon_L3_00/llc_occupancy,Fri Aug 19 17:44:08 UTC 2022,3563520
/sys/fs/resctrl/parsec-rdt/mon_data/mon_L3_00/llc_occupancy,Fri Aug 19 17:44:08 UTC 2022,3686400
/sys/fs/resctrl/memcached-server-rdt/mon_data/mon_L3_00/llc_occupancy,Fri Aug 19 17:44:11 UTC 2022,3645440
/sys/fs/resctrl/parsec-rdt/mon_data/mon_L3_00/llc_occupancy,Fri Aug 19 17:44:11 UTC 2022,3768320
/sys/fs/resctrl/memcached-server-rdt/mon_data/mon_L3_00/llc_occupancy,Fri Aug 19 17:44:14 UTC 2022,2621440
/sys/fs/resctrl/parsec-rdt/mon_data/mon_L3_00/llc_occupancy,Fri Aug 19 17:44:14 UTC 2022,2785280
/sys/fs/resctrl/memcached-server-rdt/mon_data/mon_L3_00/llc_occupancy,Fri Aug 19 17:44:17 UTC 2022,3399680
/sys/fs/resctrl/parsec-rdt/mon_data/mon_L3_00/llc_occupancy,Fri Aug 19 17:44:17 UTC 2022,3891200
/sys/fs/resctrl/memcached-server-rdt/mon_data/mon_L3_00/llc_occupancy,Fri Aug 19 17:44:20 UTC 2022,3276800
/sys/fs/resctrl/parsec-rdt/mon_data/mon_L3_00/llc_occupancy,Fri Aug 19 17:44:20 UTC 2022,3932160
/sys/fs/resctrl/memcached-server-rdt/mon_data/mon_L3_00/llc_occupancy,Fri Aug 19 17:44:23 UTC 2022,3194880
/sys/fs/resctrl/parsec-rdt/mon_data/mon_L3_00/llc_occupancy,Fri Aug 19 17:44:23 UTC 2022,3768320
/sys/fs/resctrl/memcached-server-rdt/mon_data/mon_L3_00/llc_occupancy,Fri Aug 19 17:44:26 UTC 2022,3031040
/sys/fs/resctrl/parsec-rdt/mon_data/mon_L3_00/llc_occupancy,Fri Aug 19 17:44:26 UTC 2022,3604480
/sys/fs/resctrl/memcached-server-rdt/mon_data/mon_L3_00/llc_occupancy,Fri Aug 19 17:44:29 UTC 2022,3522560
/sys/fs/resctrl/parsec-rdt/mon_data/mon_L3_00/llc_occupancy,Fri Aug 19 17:44:29 UTC 2022,3768320
/sys/fs/resctrl/memcached-server-rdt/mon_data/mon_L3_00/llc_occupancy,Fri Aug 19 17:44:32 UTC 2022,3153920
/sys/fs/resctrl/parsec-rdt/mon_data/mon_L3_00/llc_occupancy,Fri Aug 19 17:44:32 UTC 2022,3850240
/sys/fs/resctrl/memcached-server-rdt/mon_data/mon_L3_00/llc_occupancy,Fri Aug 19 17:44:35 UTC 2022,3235840
/sys/fs/resctrl/parsec-rdt/mon_data/mon_L3_00/llc_occupancy,Fri Aug 19 17:44:35 UTC 2022,3358720
/sys/fs/resctrl/memcached-server-rdt/mon_data/mon_L3_00/llc_occupancy,Fri Aug 19 17:44:38 UTC 2022,3440640
/sys/fs/resctrl/parsec-rdt/mon_data/mon_L3_00/llc_occupancy,Fri Aug 19 17:44:38 UTC 2022,3276800
/sys/fs/resctrl/memcached-server-rdt/mon_data/mon_L3_00/llc_occupancy,Fri Aug 19 17:44:41 UTC 2022,3522560
/sys/fs/resctrl/parsec-rdt/mon_data/mon_L3_00/llc_occupancy,Fri Aug 19 17:44:41 UTC 2022,3932160
/sys/fs/resctrl/memcached-server-rdt/mon_data/mon_L3_00/llc_occupancy,Fri Aug 19 17:44:44 UTC 2022,3235840
/sys/fs/resctrl/parsec-rdt/mon_data/mon_L3_00/llc_occupancy,Fri Aug 19 17:44:44 UTC 2022,3645440
/sys/fs/resctrl/memcached-server-rdt/mon_data/mon_L3_00/llc_occupancy,Fri Aug 19 17:44:47 UTC 2022,3031040
/sys/fs/resctrl/parsec-rdt/mon_data/mon_L3_00/llc_occupancy,Fri Aug 19 17:44:47 UTC 2022,3317760
/sys/fs/resctrl/memcached-server-rdt/mon_data/mon_L3_00/llc_occupancy,Fri Aug 19 17:44:50 UTC 2022,3563520
/sys/fs/resctrl/parsec-rdt/mon_data/mon_L3_00/llc_occupancy,Fri Aug 19 17:44:50 UTC 2022,3194880
/sys/fs/resctrl/memcached-server-rdt/mon_data/mon_L3_00/llc_occupancy,Fri Aug 19 17:44:53 UTC 2022,3399680
/sys/fs/resctrl/parsec-rdt/mon_data/mon_L3_00/llc_occupancy,Fri Aug 19 17:44:53 UTC 2022,3891200
/sys/fs/resctrl/memcached-server-rdt/mon_data/mon_L3_00/llc_occupancy,Fri Aug 19 17:44:56 UTC 2022,2375680
/sys/fs/resctrl/parsec-rdt/mon_data/mon_L3_00/llc_occupancy,Fri Aug 19 17:44:56 UTC 2022,3850240
/sys/fs/resctrl/memcached-server-rdt/mon_data/mon_L3_00/llc_occupancy,Fri Aug 19 17:44:59 UTC 2022,40960
/sys/fs/resctrl/parsec-rdt/mon_data/mon_L3_00/llc_occupancy,Fri Aug 19 17:44:59 UTC 2022,3932160
/sys/fs/resctrl/memcached-server-rdt/mon_data/mon_L3_00/llc_occupancy,Fri Aug 19 17:45:02 UTC 2022,40960
/sys/fs/resctrl/parsec-rdt/mon_data/mon_L3_00/llc_occupancy,Fri Aug 19 17:45:02 UTC 2022,3891200
/sys/fs/resctrl/memcached-server-rdt/mon_data/mon_L3_00/llc_occupancy,Fri Aug 19 17:45:05 UTC 2022,3153920
/sys/fs/resctrl/parsec-rdt/mon_data/mon_L3_00/llc_occupancy,Fri Aug 19 17:45:05 UTC 2022,3891200
/sys/fs/resctrl/memcached-server-rdt/mon_data/mon_L3_00/llc_occupancy,Fri Aug 19 17:45:08 UTC 2022,3481600
/sys/fs/resctrl/parsec-rdt/mon_data/mon_L3_00/llc_occupancy,Fri Aug 19 17:45:08 UTC 2022,3891200
/sys/fs/resctrl/memcached-server-rdt/mon_data/mon_L3_00/llc_occupancy,Fri Aug 19 17:45:11 UTC 2022,3686400
/sys/fs/resctrl/parsec-rdt/mon_data/mon_L3_00/llc_occupancy,Fri Aug 19 17:45:11 UTC 2022,3809280
/sys/fs/resctrl/memcached-server-rdt/mon_data/mon_L3_00/llc_occupancy,Fri Aug 19 17:45:14 UTC 2022,3481600
/sys/fs/resctrl/parsec-rdt/mon_data/mon_L3_00/llc_occupancy,Fri Aug 19 17:45:14 UTC 2022,3932160
/sys/fs/resctrl/memcached-server-rdt/mon_data/mon_L3_00/llc_occupancy,Fri Aug 19 17:45:17 UTC 2022,3194880
/sys/fs/resctrl/parsec-rdt/mon_data/mon_L3_00/llc_occupancy,Fri Aug 19 17:45:17 UTC 2022,3932160
/sys/fs/resctrl/memcached-server-rdt/mon_data/mon_L3_00/llc_occupancy,Fri Aug 19 17:45:20 UTC 2022,3153920
/sys/fs/resctrl/parsec-rdt/mon_data/mon_L3_00/llc_occupancy,Fri Aug 19 17:45:20 UTC 2022,3932160
/sys/fs/resctrl/memcached-server-rdt/mon_data/mon_L3_00/llc_occupancy,Fri Aug 19 17:45:23 UTC 2022,3522560
/sys/fs/resctrl/parsec-rdt/mon_data/mon_L3_00/llc_occupancy,Fri Aug 19 17:45:23 UTC 2022,3809280
/sys/fs/resctrl/memcached-server-rdt/mon_data/mon_L3_00/llc_occupancy,Fri Aug 19 17:45:26 UTC 2022,3522560
/sys/fs/resctrl/parsec-rdt/mon_data/mon_L3_00/llc_occupancy,Fri Aug 19 17:45:26 UTC 2022,3850240
/sys/fs/resctrl/memcached-server-rdt/mon_data/mon_L3_00/llc_occupancy,Fri Aug 19 17:45:29 UTC 2022,3399680
/sys/fs/resctrl/parsec-rdt/mon_data/mon_L3_00/llc_occupancy,Fri Aug 19 17:45:29 UTC 2022,1884160
/sys/fs/resctrl/memcached-server-rdt/mon_data/mon_L3_00/llc_occupancy,Fri Aug 19 17:45:32 UTC 2022,2662400
/sys/fs/resctrl/parsec-rdt/mon_data/mon_L3_00/llc_occupancy,Fri Aug 19 17:45:32 UTC 2022,450560
/sys/fs/resctrl/memcached-server-rdt/mon_data/mon_L3_00/llc_occupancy,Fri Aug 19 17:45:35 UTC 2022,2785280
/sys/fs/resctrl/parsec-rdt/mon_data/mon_L3_00/llc_occupancy,Fri Aug 19 17:45:35 UTC 2022,81920
/sys/fs/resctrl/memcached-server-rdt/mon_data/mon_L3_00/llc_occupancy,Fri Aug 19 17:45:38 UTC 2022,3276800
/sys/fs/resctrl/parsec-rdt/mon_data/mon_L3_00/llc_occupancy,Fri Aug 19 17:45:38 UTC 2022,40960
/sys/fs/resctrl/memcached-server-rdt/mon_data/mon_L3_00/llc_occupancy,Fri Aug 19 17:45:41 UTC 2022,2744320
/sys/fs/resctrl/parsec-rdt/mon_data/mon_L3_00/llc_occupancy,Fri Aug 19 17:45:41 UTC 2022,0
/sys/fs/resctrl/memcached-server-rdt/mon_data/mon_L3_00/llc_occupancy,Fri Aug 19 17:45:44 UTC 2022,2785280
/sys/fs/resctrl/parsec-rdt/mon_data/mon_L3_00/llc_occupancy,Fri Aug 19 17:45:44 UTC 2022,0
/sys/fs/resctrl/memcached-server-rdt/mon_data/mon_L3_00/llc_occupancy,Fri Aug 19 17:45:47 UTC 2022,3194880
/sys/fs/resctrl/parsec-rdt/mon_data/mon_L3_00/llc_occupancy,Fri Aug 19 17:45:47 UTC 2022,0
/sys/fs/resctrl/memcached-server-rdt/mon_data/mon_L3_00/llc_occupancy,Fri Aug 19 17:45:50 UTC 2022,3440640
/sys/fs/resctrl/parsec-rdt/mon_data/mon_L3_00/llc_occupancy,Fri Aug 19 17:45:50 UTC 2022,0
/sys/fs/resctrl/memcached-server-rdt/mon_data/mon_L3_00/llc_occupancy,Fri Aug 19 17:45:53 UTC 2022,2048000
/sys/fs/resctrl/parsec-rdt/mon_data/mon_L3_00/llc_occupancy,Fri Aug 19 17:45:53 UTC 2022,0
/sys/fs/resctrl/memcached-server-rdt/mon_data/mon_L3_00/llc_occupancy,Fri Aug 19 17:45:56 UTC 2022,1720320
/sys/fs/resctrl/parsec-rdt/mon_data/mon_L3_00/llc_occupancy,Fri Aug 19 17:45:56 UTC 2022,0
/sys/fs/resctrl/memcached-server-rdt/mon_data/mon_L3_00/llc_occupancy,Fri Aug 19 17:45:59 UTC 2022,0
/sys/fs/resctrl/parsec-rdt/mon_data/mon_L3_00/llc_occupancy,Fri Aug 19 17:45:59 UTC 2022,0
/sys/fs/resctrl/memcached-server-rdt/mon_data/mon_L3_00/llc_occupancy,Fri Aug 19 17:46:02 UTC 2022,0
/sys/fs/resctrl/parsec-rdt/mon_data/mon_L3_00/llc_occupancy,Fri Aug 19 17:46:02 UTC 2022,0
/sys/fs/resctrl/memcached-server-rdt/mon_data/mon_L3_00/llc_occupancy,Fri Aug 19 17:46:05 UTC 2022,3563520
/sys/fs/resctrl/parsec-rdt/mon_data/mon_L3_00/llc_occupancy,Fri Aug 19 17:46:05 UTC 2022,0
/sys/fs/resctrl/memcached-server-rdt/mon_data/mon_L3_00/llc_occupancy,Fri Aug 19 17:46:08 UTC 2022,2703360
/sys/fs/resctrl/parsec-rdt/mon_data/mon_L3_00/llc_occupancy,Fri Aug 19 17:46:08 UTC 2022,0
/sys/fs/resctrl/memcached-server-rdt/mon_data/mon_L3_00/llc_occupancy,Fri Aug 19 17:46:11 UTC 2022,3276800
/sys/fs/resctrl/parsec-rdt/mon_data/mon_L3_00/llc_occupancy,Fri Aug 19 17:46:11 UTC 2022,0
/sys/fs/resctrl/memcached-server-rdt/mon_data/mon_L3_00/llc_occupancy,Fri Aug 19 17:46:14 UTC 2022,2539520
/sys/fs/resctrl/parsec-rdt/mon_data/mon_L3_00/llc_occupancy,Fri Aug 19 17:46:14 UTC 2022,0
/sys/fs/resctrl/memcached-server-rdt/mon_data/mon_L3_00/llc_occupancy,Fri Aug 19 17:46:17 UTC 2022,3481600
/sys/fs/resctrl/parsec-rdt/mon_data/mon_L3_00/llc_occupancy,Fri Aug 19 17:46:17 UTC 2022,0
/sys/fs/resctrl/memcached-server-rdt/mon_data/mon_L3_00/llc_occupancy,Fri Aug 19 17:46:20 UTC 2022,3399680
/sys/fs/resctrl/parsec-rdt/mon_data/mon_L3_00/llc_occupancy,Fri Aug 19 17:46:20 UTC 2022,0
/sys/fs/resctrl/memcached-server-rdt/mon_data/mon_L3_00/llc_occupancy,Fri Aug 19 17:46:23 UTC 2022,3399680
/sys/fs/resctrl/parsec-rdt/mon_data/mon_L3_00/llc_occupancy,Fri Aug 19 17:46:23 UTC 2022,0
/sys/fs/resctrl/memcached-server-rdt/mon_data/mon_L3_00/llc_occupancy,Fri Aug 19 17:46:26 UTC 2022,3440640
/sys/fs/resctrl/parsec-rdt/mon_data/mon_L3_00/llc_occupancy,Fri Aug 19 17:46:26 UTC 2022,0
/sys/fs/resctrl/memcached-server-rdt/mon_data/mon_L3_00/llc_occupancy,Fri Aug 19 17:46:30 UTC 2022,3522560
/sys/fs/resctrl/parsec-rdt/mon_data/mon_L3_00/llc_occupancy,Fri Aug 19 17:46:30 UTC 2022,3522560
/sys/fs/resctrl/memcached-server-rdt/mon_data/mon_L3_00/llc_occupancy,Fri Aug 19 17:46:33 UTC 2022,2785280
/sys/fs/resctrl/parsec-rdt/mon_data/mon_L3_00/llc_occupancy,Fri Aug 19 17:46:33 UTC 2022,3932160
/sys/fs/resctrl/memcached-server-rdt/mon_data/mon_L3_00/llc_occupancy,Fri Aug 19 17:46:36 UTC 2022,3072000
/sys/fs/resctrl/parsec-rdt/mon_data/mon_L3_00/llc_occupancy,Fri Aug 19 17:46:36 UTC 2022,3686400
/sys/fs/resctrl/memcached-server-rdt/mon_data/mon_L3_00/llc_occupancy,Fri Aug 19 17:46:39 UTC 2022,3153920
/sys/fs/resctrl/parsec-rdt/mon_data/mon_L3_00/llc_occupancy,Fri Aug 19 17:46:39 UTC 2022,3891200
/sys/fs/resctrl/memcached-server-rdt/mon_data/mon_L3_00/llc_occupancy,Fri Aug 19 17:46:42 UTC 2022,3399680
/sys/fs/resctrl/parsec-rdt/mon_data/mon_L3_00/llc_occupancy,Fri Aug 19 17:46:42 UTC 2022,3932160
/sys/fs/resctrl/memcached-server-rdt/mon_data/mon_L3_00/llc_occupancy,Fri Aug 19 17:46:45 UTC 2022,3522560
/sys/fs/resctrl/parsec-rdt/mon_data/mon_L3_00/llc_occupancy,Fri Aug 19 17:46:45 UTC 2022,3932160
/sys/fs/resctrl/memcached-server-rdt/mon_data/mon_L3_00/llc_occupancy,Fri Aug 19 17:46:48 UTC 2022,3727360
/sys/fs/resctrl/parsec-rdt/mon_data/mon_L3_00/llc_occupancy,Fri Aug 19 17:46:48 UTC 2022,3358720
/sys/fs/resctrl/memcached-server-rdt/mon_data/mon_L3_00/llc_occupancy,Fri Aug 19 17:46:51 UTC 2022,3317760
/sys/fs/resctrl/parsec-rdt/mon_data/mon_L3_00/llc_occupancy,Fri Aug 19 17:46:51 UTC 2022,3932160
/sys/fs/resctrl/memcached-server-rdt/mon_data/mon_L3_00/llc_occupancy,Fri Aug 19 17:46:54 UTC 2022,3522560
/sys/fs/resctrl/parsec-rdt/mon_data/mon_L3_00/llc_occupancy,Fri Aug 19 17:46:54 UTC 2022,3891200
/sys/fs/resctrl/memcached-server-rdt/mon_data/mon_L3_00/llc_occupancy,Fri Aug 19 17:46:57 UTC 2022,2703360
/sys/fs/resctrl/parsec-rdt/mon_data/mon_L3_00/llc_occupancy,Fri Aug 19 17:46:57 UTC 2022,3932160
/sys/fs/resctrl/memcached-server-rdt/mon_data/mon_L3_00/llc_occupancy,Fri Aug 19 17:47:00 UTC 2022,204800
/sys/fs/resctrl/parsec-rdt/mon_data/mon_L3_00/llc_occupancy,Fri Aug 19 17:47:00 UTC 2022,3891200
/sys/fs/resctrl/memcached-server-rdt/mon_data/mon_L3_00/llc_occupancy,Fri Aug 19 17:47:03 UTC 2022,163840
/sys/fs/resctrl/parsec-rdt/mon_data/mon_L3_00/llc_occupancy,Fri Aug 19 17:47:03 UTC 2022,3850240
/sys/fs/resctrl/memcached-server-rdt/mon_data/mon_L3_00/llc_occupancy,Fri Aug 19 17:47:06 UTC 2022,3235840
/sys/fs/resctrl/parsec-rdt/mon_data/mon_L3_00/llc_occupancy,Fri Aug 19 17:47:06 UTC 2022,3891200
/sys/fs/resctrl/memcached-server-rdt/mon_data/mon_L3_00/llc_occupancy,Fri Aug 19 17:47:09 UTC 2022,2826240
/sys/fs/resctrl/parsec-rdt/mon_data/mon_L3_00/llc_occupancy,Fri Aug 19 17:47:09 UTC 2022,3932160
/sys/fs/resctrl/memcached-server-rdt/mon_data/mon_L3_00/llc_occupancy,Fri Aug 19 17:47:12 UTC 2022,3481600
/sys/fs/resctrl/parsec-rdt/mon_data/mon_L3_00/llc_occupancy,Fri Aug 19 17:47:12 UTC 2022,3850240
/sys/fs/resctrl/memcached-server-rdt/mon_data/mon_L3_00/llc_occupancy,Fri Aug 19 17:47:15 UTC 2022,3358720
/sys/fs/resctrl/parsec-rdt/mon_data/mon_L3_00/llc_occupancy,Fri Aug 19 17:47:15 UTC 2022,3727360
/sys/fs/resctrl/memcached-server-rdt/mon_data/mon_L3_00/llc_occupancy,Fri Aug 19 17:47:18 UTC 2022,2457600
/sys/fs/resctrl/parsec-rdt/mon_data/mon_L3_00/llc_occupancy,Fri Aug 19 17:47:18 UTC 2022,3932160
/sys/fs/resctrl/memcached-server-rdt/mon_data/mon_L3_00/llc_occupancy,Fri Aug 19 17:47:21 UTC 2022,3358720
/sys/fs/resctrl/parsec-rdt/mon_data/mon_L3_00/llc_occupancy,Fri Aug 19 17:47:21 UTC 2022,3850240
/sys/fs/resctrl/memcached-server-rdt/mon_data/mon_L3_00/llc_occupancy,Fri Aug 19 17:47:24 UTC 2022,3440640
/sys/fs/resctrl/parsec-rdt/mon_data/mon_L3_00/llc_occupancy,Fri Aug 19 17:47:24 UTC 2022,3932160
/sys/fs/resctrl/memcached-server-rdt/mon_data/mon_L3_00/llc_occupancy,Fri Aug 19 17:47:27 UTC 2022,3194880
/sys/fs/resctrl/parsec-rdt/mon_data/mon_L3_00/llc_occupancy,Fri Aug 19 17:47:27 UTC 2022,3932160
/sys/fs/resctrl/memcached-server-rdt/mon_data/mon_L3_00/llc_occupancy,Fri Aug 19 17:47:30 UTC 2022,3440640
/sys/fs/resctrl/parsec-rdt/mon_data/mon_L3_00/llc_occupancy,Fri Aug 19 17:47:30 UTC 2022,3932160
/sys/fs/resctrl/memcached-server-rdt/mon_data/mon_L3_00/llc_occupancy,Fri Aug 19 17:47:33 UTC 2022,3317760
/sys/fs/resctrl/parsec-rdt/mon_data/mon_L3_00/llc_occupancy,Fri Aug 19 17:47:33 UTC 2022,3194880
/sys/fs/resctrl/memcached-server-rdt/mon_data/mon_L3_00/llc_occupancy,Fri Aug 19 17:47:36 UTC 2022,3604480
/sys/fs/resctrl/parsec-rdt/mon_data/mon_L3_00/llc_occupancy,Fri Aug 19 17:47:36 UTC 2022,3932160
/sys/fs/resctrl/memcached-server-rdt/mon_data/mon_L3_00/llc_occupancy,Fri Aug 19 17:47:39 UTC 2022,3317760
/sys/fs/resctrl/parsec-rdt/mon_data/mon_L3_00/llc_occupancy,Fri Aug 19 17:47:39 UTC 2022,3932160
/sys/fs/resctrl/memcached-server-rdt/mon_data/mon_L3_00/llc_occupancy,Fri Aug 19 17:47:42 UTC 2022,3481600
/sys/fs/resctrl/parsec-rdt/mon_data/mon_L3_00/llc_occupancy,Fri Aug 19 17:47:42 UTC 2022,3727360
/sys/fs/resctrl/memcached-server-rdt/mon_data/mon_L3_00/llc_occupancy,Fri Aug 19 17:47:45 UTC 2022,3235840
/sys/fs/resctrl/parsec-rdt/mon_data/mon_L3_00/llc_occupancy,Fri Aug 19 17:47:45 UTC 2022,3891200
/sys/fs/resctrl/memcached-server-rdt/mon_data/mon_L3_00/llc_occupancy,Fri Aug 19 17:47:48 UTC 2022,3399680
/sys/fs/resctrl/parsec-rdt/mon_data/mon_L3_00/llc_occupancy,Fri Aug 19 17:47:48 UTC 2022,3768320
/sys/fs/resctrl/memcached-server-rdt/mon_data/mon_L3_00/llc_occupancy,Fri Aug 19 17:47:51 UTC 2022,3317760
/sys/fs/resctrl/parsec-rdt/mon_data/mon_L3_00/llc_occupancy,Fri Aug 19 17:47:51 UTC 2022,3932160
/sys/fs/resctrl/memcached-server-rdt/mon_data/mon_L3_00/llc_occupancy,Fri Aug 19 17:47:54 UTC 2022,3235840
/sys/fs/resctrl/parsec-rdt/mon_data/mon_L3_00/llc_occupancy,Fri Aug 19 17:47:54 UTC 2022,3932160
/sys/fs/resctrl/memcached-server-rdt/mon_data/mon_L3_00/llc_occupancy,Fri Aug 19 17:47:57 UTC 2022,3440640
/sys/fs/resctrl/parsec-rdt/mon_data/mon_L3_00/llc_occupancy,Fri Aug 19 17:47:57 UTC 2022,3891200
/sys/fs/resctrl/memcached-server-rdt/mon_data/mon_L3_00/llc_occupancy,Fri Aug 19 17:48:00 UTC 2022,368640
/sys/fs/resctrl/parsec-rdt/mon_data/mon_L3_00/llc_occupancy,Fri Aug 19 17:48:00 UTC 2022,2457600
/sys/fs/resctrl/memcached-server-rdt/mon_data/mon_L3_00/llc_occupancy,Fri Aug 19 17:48:03 UTC 2022,122880
/sys/fs/resctrl/parsec-rdt/mon_data/mon_L3_00/llc_occupancy,Fri Aug 19 17:48:03 UTC 2022,3932160
/sys/fs/resctrl/memcached-server-rdt/mon_data/mon_L3_00/llc_occupancy,Fri Aug 19 17:48:06 UTC 2022,3563520
/sys/fs/resctrl/parsec-rdt/mon_data/mon_L3_00/llc_occupancy,Fri Aug 19 17:48:06 UTC 2022,3850240
/sys/fs/resctrl/memcached-server-rdt/mon_data/mon_L3_00/llc_occupancy,Fri Aug 19 17:48:09 UTC 2022,3276800
/sys/fs/resctrl/parsec-rdt/mon_data/mon_L3_00/llc_occupancy,Fri Aug 19 17:48:09 UTC 2022,3932160
/sys/fs/resctrl/memcached-server-rdt/mon_data/mon_L3_00/llc_occupancy,Fri Aug 19 17:48:12 UTC 2022,3153920
/sys/fs/resctrl/parsec-rdt/mon_data/mon_L3_00/llc_occupancy,Fri Aug 19 17:48:12 UTC 2022,3850240
/sys/fs/resctrl/memcached-server-rdt/mon_data/mon_L3_00/llc_occupancy,Fri Aug 19 17:48:15 UTC 2022,3686400
/sys/fs/resctrl/parsec-rdt/mon_data/mon_L3_00/llc_occupancy,Fri Aug 19 17:48:15 UTC 2022,3932160
/sys/fs/resctrl/memcached-server-rdt/mon_data/mon_L3_00/llc_occupancy,Fri Aug 19 17:48:18 UTC 2022,3194880
/sys/fs/resctrl/parsec-rdt/mon_data/mon_L3_00/llc_occupancy,Fri Aug 19 17:48:18 UTC 2022,3973120
/sys/fs/resctrl/memcached-server-rdt/mon_data/mon_L3_00/llc_occupancy,Fri Aug 19 17:48:21 UTC 2022,3645440
/sys/fs/resctrl/parsec-rdt/mon_data/mon_L3_00/llc_occupancy,Fri Aug 19 17:48:21 UTC 2022,3973120
/sys/fs/resctrl/memcached-server-rdt/mon_data/mon_L3_00/llc_occupancy,Fri Aug 19 17:48:24 UTC 2022,3686400
/sys/fs/resctrl/parsec-rdt/mon_data/mon_L3_00/llc_occupancy,Fri Aug 19 17:48:24 UTC 2022,3973120
