/sys/fs/resctrl/memcached-server-rdt/mon_data/mon_L3_00/llc_occupancy,2022-08-21 17:23:17,3932160
/sys/fs/resctrl/memcached-server-rdt/mon_data/mon_L3_00/llc_occupancy,2022-08-21 17:23:20,4464640
/sys/fs/resctrl/memcached-server-rdt/mon_data/mon_L3_00/llc_occupancy,2022-08-21 17:23:23,3563520
/sys/fs/resctrl/memcached-server-rdt/mon_data/mon_L3_00/llc_occupancy,2022-08-21 17:23:26,4423680
/sys/fs/resctrl/memcached-server-rdt/mon_data/mon_L3_00/llc_occupancy,2022-08-21 17:23:29,5120000
/sys/fs/resctrl/memcached-server-rdt/mon_data/mon_L3_00/llc_occupancy,2022-08-21 17:23:32,4833280
/sys/fs/resctrl/memcached-server-rdt/mon_data/mon_L3_00/llc_occupancy,2022-08-21 17:23:35,5201920
/sys/fs/resctrl/memcached-server-rdt/mon_data/mon_L3_00/llc_occupancy,2022-08-21 17:23:38,5242880
/sys/fs/resctrl/memcached-server-rdt/mon_data/mon_L3_00/llc_occupancy,2022-08-21 17:23:41,4546560
/sys/fs/resctrl/memcached-server-rdt/mon_data/mon_L3_00/llc_occupancy,2022-08-21 17:23:44,4833280
/sys/fs/resctrl/memcached-server-rdt/mon_data/mon_L3_00/llc_occupancy,2022-08-21 17:23:47,4096000
/sys/fs/resctrl/memcached-server-rdt/mon_data/mon_L3_00/llc_occupancy,2022-08-21 17:23:50,4136960
/sys/fs/resctrl/memcached-server-rdt/mon_data/mon_L3_00/llc_occupancy,2022-08-21 17:23:53,4669440
/sys/fs/resctrl/memcached-server-rdt/mon_data/mon_L3_00/llc_occupancy,2022-08-21 17:23:56,5570560
/sys/fs/resctrl/memcached-server-rdt/mon_data/mon_L3_00/llc_occupancy,2022-08-21 17:23:59,5324800
/sys/fs/resctrl/memcached-server-rdt/mon_data/mon_L3_00/llc_occupancy,2022-08-21 17:24:02,4669440
/sys/fs/resctrl/memcached-server-rdt/mon_data/mon_L3_00/llc_occupancy,2022-08-21 17:24:05,122880
/sys/fs/resctrl/memcached-server-rdt/mon_data/mon_L3_00/llc_occupancy,2022-08-21 17:24:08,0
/sys/fs/resctrl/memcached-server-rdt/mon_data/mon_L3_00/llc_occupancy,2022-08-21 17:24:11,3809280
/sys/fs/resctrl/memcached-server-rdt/mon_data/mon_L3_00/llc_occupancy,2022-08-21 17:24:14,4628480
/sys/fs/resctrl/memcached-server-rdt/mon_data/mon_L3_00/llc_occupancy,2022-08-21 17:24:17,4300800
/sys/fs/resctrl/memcached-server-rdt/mon_data/mon_L3_00/llc_occupancy,2022-08-21 17:24:20,3973120
/sys/fs/resctrl/memcached-server-rdt/mon_data/mon_L3_00/llc_occupancy,2022-08-21 17:24:23,4096000
/sys/fs/resctrl/memcached-server-rdt/mon_data/mon_L3_00/llc_occupancy,2022-08-21 17:24:26,3809280
/sys/fs/resctrl/memcached-server-rdt/mon_data/mon_L3_00/llc_occupancy,2022-08-21 17:24:29,4096000
/sys/fs/resctrl/memcached-server-rdt/mon_data/mon_L3_00/llc_occupancy,2022-08-21 17:24:32,3973120
/sys/fs/resctrl/memcached-server-rdt/mon_data/mon_L3_00/llc_occupancy,2022-08-21 17:24:36,4587520
/sys/fs/resctrl/memcached-server-rdt/mon_data/mon_L3_00/llc_occupancy,2022-08-21 17:24:39,4505600
/sys/fs/resctrl/memcached-server-rdt/mon_data/mon_L3_00/llc_occupancy,2022-08-21 17:24:42,3809280
/sys/fs/resctrl/memcached-server-rdt/mon_data/mon_L3_00/llc_occupancy,2022-08-21 17:24:45,3973120
/sys/fs/resctrl/memcached-server-rdt/mon_data/mon_L3_00/llc_occupancy,2022-08-21 17:24:48,3645440
/sys/fs/resctrl/memcached-server-rdt/mon_data/mon_L3_00/llc_occupancy,2022-08-21 17:24:51,4259840
/sys/fs/resctrl/memcached-server-rdt/mon_data/mon_L3_00/llc_occupancy,2022-08-21 17:24:54,4341760
/sys/fs/resctrl/memcached-server-rdt/mon_data/mon_L3_00/llc_occupancy,2022-08-21 17:24:57,4218880
/sys/fs/resctrl/memcached-server-rdt/mon_data/mon_L3_00/llc_occupancy,2022-08-21 17:25:00,3932160
/sys/fs/resctrl/memcached-server-rdt/mon_data/mon_L3_00/llc_occupancy,2022-08-21 17:25:03,4423680
/sys/fs/resctrl/memcached-server-rdt/mon_data/mon_L3_00/llc_occupancy,2022-08-21 17:25:06,40960
/sys/fs/resctrl/memcached-server-rdt/mon_data/mon_L3_00/llc_occupancy,2022-08-21 17:25:09,0
/sys/fs/resctrl/memcached-server-rdt/mon_data/mon_L3_00/llc_occupancy,2022-08-21 17:25:12,3973120
/sys/fs/resctrl/memcached-server-rdt/mon_data/mon_L3_00/llc_occupancy,2022-08-21 17:25:15,4136960
/sys/fs/resctrl/memcached-server-rdt/mon_data/mon_L3_00/llc_occupancy,2022-08-21 17:25:18,3686400
/sys/fs/resctrl/memcached-server-rdt/mon_data/mon_L3_00/llc_occupancy,2022-08-21 17:25:21,4055040
/sys/fs/resctrl/memcached-server-rdt/mon_data/mon_L3_00/llc_occupancy,2022-08-21 17:25:24,1064960
/sys/fs/resctrl/memcached-server-rdt/mon_data/mon_L3_00/llc_occupancy,2022-08-21 17:25:27,1556480
/sys/fs/resctrl/memcached-server-rdt/mon_data/mon_L3_00/llc_occupancy,2022-08-21 17:25:30,4423680
/sys/fs/resctrl/memcached-server-rdt/mon_data/mon_L3_00/llc_occupancy,2022-08-21 17:25:33,3727360
/sys/fs/resctrl/memcached-server-rdt/mon_data/mon_L3_00/llc_occupancy,2022-08-21 17:25:36,4014080
/sys/fs/resctrl/memcached-server-rdt/mon_data/mon_L3_00/llc_occupancy,2022-08-21 17:25:39,4874240
/sys/fs/resctrl/memcached-server-rdt/mon_data/mon_L3_00/llc_occupancy,2022-08-21 17:25:42,4055040
/sys/fs/resctrl/memcached-server-rdt/mon_data/mon_L3_00/llc_occupancy,2022-08-21 17:25:45,3031040
/sys/fs/resctrl/memcached-server-rdt/mon_data/mon_L3_00/llc_occupancy,2022-08-21 17:25:48,1720320
/sys/fs/resctrl/memcached-server-rdt/mon_data/mon_L3_00/llc_occupancy,2022-08-21 17:25:51,1597440
/sys/fs/resctrl/memcached-server-rdt/mon_data/mon_L3_00/llc_occupancy,2022-08-21 17:25:54,2129920
/sys/fs/resctrl/memcached-server-rdt/mon_data/mon_L3_00/llc_occupancy,2022-08-21 17:25:57,1679360
/sys/fs/resctrl/memcached-server-rdt/mon_data/mon_L3_00/llc_occupancy,2022-08-21 17:26:00,5283840
/sys/fs/resctrl/parsec-rdt/mon_data/mon_L3_00/llc_occupancy,2022-08-21 17:26:00,1310720
/sys/fs/resctrl/memcached-server-rdt/mon_data/mon_L3_00/llc_occupancy,2022-08-21 17:26:03,6144000
/sys/fs/resctrl/parsec-rdt/mon_data/mon_L3_00/llc_occupancy,2022-08-21 17:26:03,1351680
/sys/fs/resctrl/memcached-server-rdt/mon_data/mon_L3_00/llc_occupancy,2022-08-21 17:26:06,81920
/sys/fs/resctrl/parsec-rdt/mon_data/mon_L3_00/llc_occupancy,2022-08-21 17:26:06,1310720
/sys/fs/resctrl/memcached-server-rdt/mon_data/mon_L3_00/llc_occupancy,2022-08-21 17:26:09,81920
/sys/fs/resctrl/parsec-rdt/mon_data/mon_L3_00/llc_occupancy,2022-08-21 17:26:09,1310720
/sys/fs/resctrl/memcached-server-rdt/mon_data/mon_L3_00/llc_occupancy,2022-08-21 17:26:12,5079040
/sys/fs/resctrl/parsec-rdt/mon_data/mon_L3_00/llc_occupancy,2022-08-21 17:26:12,1310720
/sys/fs/resctrl/memcached-server-rdt/mon_data/mon_L3_00/llc_occupancy,2022-08-21 17:26:15,4833280
/sys/fs/resctrl/parsec-rdt/mon_data/mon_L3_00/llc_occupancy,2022-08-21 17:26:15,1310720
/sys/fs/resctrl/memcached-server-rdt/mon_data/mon_L3_00/llc_occupancy,2022-08-21 17:26:18,5734400
/sys/fs/resctrl/parsec-rdt/mon_data/mon_L3_00/llc_occupancy,2022-08-21 17:26:18,1310720
/sys/fs/resctrl/memcached-server-rdt/mon_data/mon_L3_00/llc_occupancy,2022-08-21 17:26:21,4997120
/sys/fs/resctrl/parsec-rdt/mon_data/mon_L3_00/llc_occupancy,2022-08-21 17:26:21,1310720
/sys/fs/resctrl/memcached-server-rdt/mon_data/mon_L3_00/llc_occupancy,2022-08-21 17:26:24,5283840
/sys/fs/resctrl/parsec-rdt/mon_data/mon_L3_00/llc_occupancy,2022-08-21 17:26:24,1310720
/sys/fs/resctrl/memcached-server-rdt/mon_data/mon_L3_00/llc_occupancy,2022-08-21 17:26:27,4997120
/sys/fs/resctrl/parsec-rdt/mon_data/mon_L3_00/llc_occupancy,2022-08-21 17:26:27,1310720
/sys/fs/resctrl/memcached-server-rdt/mon_data/mon_L3_00/llc_occupancy,2022-08-21 17:26:30,5447680
/sys/fs/resctrl/parsec-rdt/mon_data/mon_L3_00/llc_occupancy,2022-08-21 17:26:30,1310720
/sys/fs/resctrl/memcached-server-rdt/mon_data/mon_L3_00/llc_occupancy,2022-08-21 17:26:33,5079040
/sys/fs/resctrl/parsec-rdt/mon_data/mon_L3_00/llc_occupancy,2022-08-21 17:26:33,1310720
/sys/fs/resctrl/memcached-server-rdt/mon_data/mon_L3_00/llc_occupancy,2022-08-21 17:26:36,5160960
/sys/fs/resctrl/parsec-rdt/mon_data/mon_L3_00/llc_occupancy,2022-08-21 17:26:36,1310720
/sys/fs/resctrl/memcached-server-rdt/mon_data/mon_L3_00/llc_occupancy,2022-08-21 17:26:39,5120000
/sys/fs/resctrl/parsec-rdt/mon_data/mon_L3_00/llc_occupancy,2022-08-21 17:26:39,1310720
/sys/fs/resctrl/memcached-server-rdt/mon_data/mon_L3_00/llc_occupancy,2022-08-21 17:26:42,5324800
/sys/fs/resctrl/parsec-rdt/mon_data/mon_L3_00/llc_occupancy,2022-08-21 17:26:42,1310720
/sys/fs/resctrl/memcached-server-rdt/mon_data/mon_L3_00/llc_occupancy,2022-08-21 17:26:45,5447680
/sys/fs/resctrl/parsec-rdt/mon_data/mon_L3_00/llc_occupancy,2022-08-21 17:26:45,1310720
/sys/fs/resctrl/memcached-server-rdt/mon_data/mon_L3_00/llc_occupancy,2022-08-21 17:26:48,4792320
/sys/fs/resctrl/parsec-rdt/mon_data/mon_L3_00/llc_occupancy,2022-08-21 17:26:48,1310720
/sys/fs/resctrl/memcached-server-rdt/mon_data/mon_L3_00/llc_occupancy,2022-08-21 17:26:51,5242880
/sys/fs/resctrl/parsec-rdt/mon_data/mon_L3_00/llc_occupancy,2022-08-21 17:26:51,1310720
/sys/fs/resctrl/memcached-server-rdt/mon_data/mon_L3_00/llc_occupancy,2022-08-21 17:26:54,5038080
/sys/fs/resctrl/parsec-rdt/mon_data/mon_L3_00/llc_occupancy,2022-08-21 17:26:54,1310720
/sys/fs/resctrl/memcached-server-rdt/mon_data/mon_L3_00/llc_occupancy,2022-08-21 17:26:57,4177920
/sys/fs/resctrl/parsec-rdt/mon_data/mon_L3_00/llc_occupancy,2022-08-21 17:26:57,1310720
/sys/fs/resctrl/memcached-server-rdt/mon_data/mon_L3_00/llc_occupancy,2022-08-21 17:27:00,4956160
/sys/fs/resctrl/parsec-rdt/mon_data/mon_L3_00/llc_occupancy,2022-08-21 17:27:00,1310720
/sys/fs/resctrl/memcached-server-rdt/mon_data/mon_L3_00/llc_occupancy,2022-08-21 17:27:03,5406720
/sys/fs/resctrl/parsec-rdt/mon_data/mon_L3_00/llc_occupancy,2022-08-21 17:27:03,1310720
/sys/fs/resctrl/memcached-server-rdt/mon_data/mon_L3_00/llc_occupancy,2022-08-21 17:27:06,122880
/sys/fs/resctrl/parsec-rdt/mon_data/mon_L3_00/llc_occupancy,2022-08-21 17:27:06,1310720
/sys/fs/resctrl/memcached-server-rdt/mon_data/mon_L3_00/llc_occupancy,2022-08-21 17:27:09,81920
/sys/fs/resctrl/parsec-rdt/mon_data/mon_L3_00/llc_occupancy,2022-08-21 17:27:09,1310720
/sys/fs/resctrl/memcached-server-rdt/mon_data/mon_L3_00/llc_occupancy,2022-08-21 17:27:12,5652480
/sys/fs/resctrl/parsec-rdt/mon_data/mon_L3_00/llc_occupancy,2022-08-21 17:27:12,1269760
/sys/fs/resctrl/memcached-server-rdt/mon_data/mon_L3_00/llc_occupancy,2022-08-21 17:27:15,5324800
/sys/fs/resctrl/parsec-rdt/mon_data/mon_L3_00/llc_occupancy,2022-08-21 17:27:15,1310720
/sys/fs/resctrl/memcached-server-rdt/mon_data/mon_L3_00/llc_occupancy,2022-08-21 17:27:18,5775360
/sys/fs/resctrl/parsec-rdt/mon_data/mon_L3_00/llc_occupancy,2022-08-21 17:27:18,1310720
/sys/fs/resctrl/memcached-server-rdt/mon_data/mon_L3_00/llc_occupancy,2022-08-21 17:27:21,5693440
/sys/fs/resctrl/parsec-rdt/mon_data/mon_L3_00/llc_occupancy,2022-08-21 17:27:21,1310720
/sys/fs/resctrl/memcached-server-rdt/mon_data/mon_L3_00/llc_occupancy,2022-08-21 17:27:24,4874240
/sys/fs/resctrl/parsec-rdt/mon_data/mon_L3_00/llc_occupancy,2022-08-21 17:27:24,1310720
/sys/fs/resctrl/memcached-server-rdt/mon_data/mon_L3_00/llc_occupancy,2022-08-21 17:27:27,5160960
/sys/fs/resctrl/parsec-rdt/mon_data/mon_L3_00/llc_occupancy,2022-08-21 17:27:27,1310720
/sys/fs/resctrl/memcached-server-rdt/mon_data/mon_L3_00/llc_occupancy,2022-08-21 17:27:30,4014080
/sys/fs/resctrl/parsec-rdt/mon_data/mon_L3_00/llc_occupancy,2022-08-21 17:27:30,1269760
/sys/fs/resctrl/memcached-server-rdt/mon_data/mon_L3_00/llc_occupancy,2022-08-21 17:27:33,4423680
/sys/fs/resctrl/parsec-rdt/mon_data/mon_L3_00/llc_occupancy,2022-08-21 17:27:33,1228800
/sys/fs/resctrl/memcached-server-rdt/mon_data/mon_L3_00/llc_occupancy,2022-08-21 17:27:36,5160960
/sys/fs/resctrl/parsec-rdt/mon_data/mon_L3_00/llc_occupancy,2022-08-21 17:27:36,1310720
/sys/fs/resctrl/memcached-server-rdt/mon_data/mon_L3_00/llc_occupancy,2022-08-21 17:27:39,5570560
/sys/fs/resctrl/parsec-rdt/mon_data/mon_L3_00/llc_occupancy,2022-08-21 17:27:39,1310720
/sys/fs/resctrl/memcached-server-rdt/mon_data/mon_L3_00/llc_occupancy,2022-08-21 17:27:42,5324800
/sys/fs/resctrl/parsec-rdt/mon_data/mon_L3_00/llc_occupancy,2022-08-21 17:27:42,1310720
/sys/fs/resctrl/memcached-server-rdt/mon_data/mon_L3_00/llc_occupancy,2022-08-21 17:27:45,5775360
/sys/fs/resctrl/parsec-rdt/mon_data/mon_L3_00/llc_occupancy,2022-08-21 17:27:45,1310720
/sys/fs/resctrl/memcached-server-rdt/mon_data/mon_L3_00/llc_occupancy,2022-08-21 17:27:48,5775360
/sys/fs/resctrl/parsec-rdt/mon_data/mon_L3_00/llc_occupancy,2022-08-21 17:27:48,1310720
/sys/fs/resctrl/memcached-server-rdt/mon_data/mon_L3_00/llc_occupancy,2022-08-21 17:27:51,4997120
/sys/fs/resctrl/parsec-rdt/mon_data/mon_L3_00/llc_occupancy,2022-08-21 17:27:51,1351680
/sys/fs/resctrl/memcached-server-rdt/mon_data/mon_L3_00/llc_occupancy,2022-08-21 17:27:54,5529600
/sys/fs/resctrl/parsec-rdt/mon_data/mon_L3_00/llc_occupancy,2022-08-21 17:27:54,1351680
/sys/fs/resctrl/memcached-server-rdt/mon_data/mon_L3_00/llc_occupancy,2022-08-21 17:27:57,6103040
/sys/fs/resctrl/parsec-rdt/mon_data/mon_L3_00/llc_occupancy,2022-08-21 17:27:57,1310720
/sys/fs/resctrl/memcached-server-rdt/mon_data/mon_L3_00/llc_occupancy,2022-08-21 17:28:00,5857280
/sys/fs/resctrl/parsec-rdt/mon_data/mon_L3_00/llc_occupancy,2022-08-21 17:28:00,1310720
/sys/fs/resctrl/memcached-server-rdt/mon_data/mon_L3_00/llc_occupancy,2022-08-21 17:28:03,5447680
/sys/fs/resctrl/parsec-rdt/mon_data/mon_L3_00/llc_occupancy,2022-08-21 17:28:03,1310720
/sys/fs/resctrl/memcached-server-rdt/mon_data/mon_L3_00/llc_occupancy,2022-08-21 17:28:06,163840
/sys/fs/resctrl/parsec-rdt/mon_data/mon_L3_00/llc_occupancy,2022-08-21 17:28:06,1310720
/sys/fs/resctrl/memcached-server-rdt/mon_data/mon_L3_00/llc_occupancy,2022-08-21 17:28:09,81920
/sys/fs/resctrl/parsec-rdt/mon_data/mon_L3_00/llc_occupancy,2022-08-21 17:28:09,1351680
/sys/fs/resctrl/memcached-server-rdt/mon_data/mon_L3_00/llc_occupancy,2022-08-21 17:28:12,5939200
/sys/fs/resctrl/parsec-rdt/mon_data/mon_L3_00/llc_occupancy,2022-08-21 17:28:12,1310720
/sys/fs/resctrl/memcached-server-rdt/mon_data/mon_L3_00/llc_occupancy,2022-08-21 17:28:15,5120000
/sys/fs/resctrl/parsec-rdt/mon_data/mon_L3_00/llc_occupancy,2022-08-21 17:28:15,1310720
/sys/fs/resctrl/memcached-server-rdt/mon_data/mon_L3_00/llc_occupancy,2022-08-21 17:28:18,5611520
/sys/fs/resctrl/parsec-rdt/mon_data/mon_L3_00/llc_occupancy,2022-08-21 17:28:18,1310720
/sys/fs/resctrl/memcached-server-rdt/mon_data/mon_L3_00/llc_occupancy,2022-08-21 17:28:21,5365760
/sys/fs/resctrl/parsec-rdt/mon_data/mon_L3_00/llc_occupancy,2022-08-21 17:28:21,1310720
/sys/fs/resctrl/memcached-server-rdt/mon_data/mon_L3_00/llc_occupancy,2022-08-21 17:28:24,3932160
/sys/fs/resctrl/parsec-rdt/mon_data/mon_L3_00/llc_occupancy,2022-08-21 17:28:24,1310720
/sys/fs/resctrl/memcached-server-rdt/mon_data/mon_L3_00/llc_occupancy,2022-08-21 17:28:27,5242880
/sys/fs/resctrl/parsec-rdt/mon_data/mon_L3_00/llc_occupancy,2022-08-21 17:28:27,1351680
/sys/fs/resctrl/memcached-server-rdt/mon_data/mon_L3_00/llc_occupancy,2022-08-21 17:28:30,5529600
/sys/fs/resctrl/parsec-rdt/mon_data/mon_L3_00/llc_occupancy,2022-08-21 17:28:30,1310720
/sys/fs/resctrl/memcached-server-rdt/mon_data/mon_L3_00/llc_occupancy,2022-08-21 17:28:33,3891200
/sys/fs/resctrl/parsec-rdt/mon_data/mon_L3_00/llc_occupancy,2022-08-21 17:28:33,1228800
/sys/fs/resctrl/memcached-server-rdt/mon_data/mon_L3_00/llc_occupancy,2022-08-21 17:28:36,3973120
/sys/fs/resctrl/parsec-rdt/mon_data/mon_L3_00/llc_occupancy,2022-08-21 17:28:36,1310720
/sys/fs/resctrl/memcached-server-rdt/mon_data/mon_L3_00/llc_occupancy,2022-08-21 17:28:39,4423680
/sys/fs/resctrl/parsec-rdt/mon_data/mon_L3_00/llc_occupancy,2022-08-21 17:28:39,1310720
/sys/fs/resctrl/memcached-server-rdt/mon_data/mon_L3_00/llc_occupancy,2022-08-21 17:28:42,4055040
/sys/fs/resctrl/parsec-rdt/mon_data/mon_L3_00/llc_occupancy,2022-08-21 17:28:42,1228800
/sys/fs/resctrl/memcached-server-rdt/mon_data/mon_L3_00/llc_occupancy,2022-08-21 17:28:45,4669440
/sys/fs/resctrl/parsec-rdt/mon_data/mon_L3_00/llc_occupancy,2022-08-21 17:28:45,1310720
/sys/fs/resctrl/memcached-server-rdt/mon_data/mon_L3_00/llc_occupancy,2022-08-21 17:28:48,3891200
/sys/fs/resctrl/parsec-rdt/mon_data/mon_L3_00/llc_occupancy,2022-08-21 17:28:48,1310720
/sys/fs/resctrl/memcached-server-rdt/mon_data/mon_L3_00/llc_occupancy,2022-08-21 17:28:51,3727360
/sys/fs/resctrl/parsec-rdt/mon_data/mon_L3_00/llc_occupancy,2022-08-21 17:28:51,1310720
/sys/fs/resctrl/memcached-server-rdt/mon_data/mon_L3_00/llc_occupancy,2022-08-21 17:28:54,3317760
/sys/fs/resctrl/parsec-rdt/mon_data/mon_L3_00/llc_occupancy,2022-08-21 17:28:54,1187840
/sys/fs/resctrl/memcached-server-rdt/mon_data/mon_L3_00/llc_occupancy,2022-08-21 17:28:57,5365760
/sys/fs/resctrl/parsec-rdt/mon_data/mon_L3_00/llc_occupancy,2022-08-21 17:28:57,1310720
/sys/fs/resctrl/memcached-server-rdt/mon_data/mon_L3_00/llc_occupancy,2022-08-21 17:29:00,5775360
/sys/fs/resctrl/parsec-rdt/mon_data/mon_L3_00/llc_occupancy,2022-08-21 17:29:00,1310720
/sys/fs/resctrl/memcached-server-rdt/mon_data/mon_L3_00/llc_occupancy,2022-08-21 17:29:03,3973120
/sys/fs/resctrl/parsec-rdt/mon_data/mon_L3_00/llc_occupancy,2022-08-21 17:29:03,1310720
/sys/fs/resctrl/memcached-server-rdt/mon_data/mon_L3_00/llc_occupancy,2022-08-21 17:29:06,0
/sys/fs/resctrl/parsec-rdt/mon_data/mon_L3_00/llc_occupancy,2022-08-21 17:29:06,1351680
/sys/fs/resctrl/memcached-server-rdt/mon_data/mon_L3_00/llc_occupancy,2022-08-21 17:29:09,40960
/sys/fs/resctrl/parsec-rdt/mon_data/mon_L3_00/llc_occupancy,2022-08-21 17:29:09,1310720
/sys/fs/resctrl/memcached-server-rdt/mon_data/mon_L3_00/llc_occupancy,2022-08-21 17:29:12,5488640
/sys/fs/resctrl/parsec-rdt/mon_data/mon_L3_00/llc_occupancy,2022-08-21 17:29:12,1310720
/sys/fs/resctrl/memcached-server-rdt/mon_data/mon_L3_00/llc_occupancy,2022-08-21 17:29:15,5734400
/sys/fs/resctrl/parsec-rdt/mon_data/mon_L3_00/llc_occupancy,2022-08-21 17:29:15,1310720
/sys/fs/resctrl/memcached-server-rdt/mon_data/mon_L3_00/llc_occupancy,2022-08-21 17:29:18,4382720
/sys/fs/resctrl/parsec-rdt/mon_data/mon_L3_00/llc_occupancy,2022-08-21 17:29:18,1310720
/sys/fs/resctrl/memcached-server-rdt/mon_data/mon_L3_00/llc_occupancy,2022-08-21 17:29:21,5324800
/sys/fs/resctrl/parsec-rdt/mon_data/mon_L3_00/llc_occupancy,2022-08-21 17:29:21,1310720
/sys/fs/resctrl/memcached-server-rdt/mon_data/mon_L3_00/llc_occupancy,2022-08-21 17:29:24,5775360
/sys/fs/resctrl/parsec-rdt/mon_data/mon_L3_00/llc_occupancy,2022-08-21 17:29:24,1310720
/sys/fs/resctrl/memcached-server-rdt/mon_data/mon_L3_00/llc_occupancy,2022-08-21 17:29:27,5201920
/sys/fs/resctrl/parsec-rdt/mon_data/mon_L3_00/llc_occupancy,2022-08-21 17:29:27,1269760
/sys/fs/resctrl/memcached-server-rdt/mon_data/mon_L3_00/llc_occupancy,2022-08-21 17:29:31,4751360
/sys/fs/resctrl/parsec-rdt/mon_data/mon_L3_00/llc_occupancy,2022-08-21 17:29:31,1310720
/sys/fs/resctrl/memcached-server-rdt/mon_data/mon_L3_00/llc_occupancy,2022-08-21 17:29:34,5611520
/sys/fs/resctrl/parsec-rdt/mon_data/mon_L3_00/llc_occupancy,2022-08-21 17:29:34,1310720
/sys/fs/resctrl/memcached-server-rdt/mon_data/mon_L3_00/llc_occupancy,2022-08-21 17:29:37,5038080
/sys/fs/resctrl/parsec-rdt/mon_data/mon_L3_00/llc_occupancy,2022-08-21 17:29:37,1310720
/sys/fs/resctrl/memcached-server-rdt/mon_data/mon_L3_00/llc_occupancy,2022-08-21 17:29:40,4177920
/sys/fs/resctrl/parsec-rdt/mon_data/mon_L3_00/llc_occupancy,2022-08-21 17:29:40,1269760
/sys/fs/resctrl/memcached-server-rdt/mon_data/mon_L3_00/llc_occupancy,2022-08-21 17:29:43,3809280
/sys/fs/resctrl/parsec-rdt/mon_data/mon_L3_00/llc_occupancy,2022-08-21 17:29:43,1269760
/sys/fs/resctrl/memcached-server-rdt/mon_data/mon_L3_00/llc_occupancy,2022-08-21 17:29:46,4833280
/sys/fs/resctrl/parsec-rdt/mon_data/mon_L3_00/llc_occupancy,2022-08-21 17:29:46,1310720
/sys/fs/resctrl/memcached-server-rdt/mon_data/mon_L3_00/llc_occupancy,2022-08-21 17:29:49,4792320
/sys/fs/resctrl/parsec-rdt/mon_data/mon_L3_00/llc_occupancy,2022-08-21 17:29:49,1310720
/sys/fs/resctrl/memcached-server-rdt/mon_data/mon_L3_00/llc_occupancy,2022-08-21 17:29:52,5324800
/sys/fs/resctrl/parsec-rdt/mon_data/mon_L3_00/llc_occupancy,2022-08-21 17:29:52,1269760
/sys/fs/resctrl/memcached-server-rdt/mon_data/mon_L3_00/llc_occupancy,2022-08-21 17:29:55,5734400
/sys/fs/resctrl/parsec-rdt/mon_data/mon_L3_00/llc_occupancy,2022-08-21 17:29:55,1351680
/sys/fs/resctrl/memcached-server-rdt/mon_data/mon_L3_00/llc_occupancy,2022-08-21 17:29:58,5283840
/sys/fs/resctrl/parsec-rdt/mon_data/mon_L3_00/llc_occupancy,2022-08-21 17:29:58,1310720
/sys/fs/resctrl/memcached-server-rdt/mon_data/mon_L3_00/llc_occupancy,2022-08-21 17:30:01,5324800
/sys/fs/resctrl/parsec-rdt/mon_data/mon_L3_00/llc_occupancy,2022-08-21 17:30:01,1310720
/sys/fs/resctrl/memcached-server-rdt/mon_data/mon_L3_00/llc_occupancy,2022-08-21 17:30:04,5201920
/sys/fs/resctrl/parsec-rdt/mon_data/mon_L3_00/llc_occupancy,2022-08-21 17:30:04,1310720
/sys/fs/resctrl/memcached-server-rdt/mon_data/mon_L3_00/llc_occupancy,2022-08-21 17:30:07,0
/sys/fs/resctrl/parsec-rdt/mon_data/mon_L3_00/llc_occupancy,2022-08-21 17:30:07,0
/sys/fs/resctrl/memcached-server-rdt/mon_data/mon_L3_00/llc_occupancy,2022-08-21 17:30:10,40960
/sys/fs/resctrl/parsec-rdt/mon_data/mon_L3_00/llc_occupancy,2022-08-21 17:30:10,0
/sys/fs/resctrl/memcached-server-rdt/mon_data/mon_L3_00/llc_occupancy,2022-08-21 17:30:13,5980160
/sys/fs/resctrl/parsec-rdt/mon_data/mon_L3_00/llc_occupancy,2022-08-21 17:30:13,0
/sys/fs/resctrl/memcached-server-rdt/mon_data/mon_L3_00/llc_occupancy,2022-08-21 17:30:16,5406720
/sys/fs/resctrl/parsec-rdt/mon_data/mon_L3_00/llc_occupancy,2022-08-21 17:30:16,1310720
/sys/fs/resctrl/memcached-server-rdt/mon_data/mon_L3_00/llc_occupancy,2022-08-21 17:30:19,4096000
/sys/fs/resctrl/parsec-rdt/mon_data/mon_L3_00/llc_occupancy,2022-08-21 17:30:19,1269760
/sys/fs/resctrl/memcached-server-rdt/mon_data/mon_L3_00/llc_occupancy,2022-08-21 17:30:22,4874240
/sys/fs/resctrl/parsec-rdt/mon_data/mon_L3_00/llc_occupancy,2022-08-21 17:30:22,1310720
/sys/fs/resctrl/memcached-server-rdt/mon_data/mon_L3_00/llc_occupancy,2022-08-21 17:30:25,4300800
/sys/fs/resctrl/parsec-rdt/mon_data/mon_L3_00/llc_occupancy,2022-08-21 17:30:25,1351680
/sys/fs/resctrl/memcached-server-rdt/mon_data/mon_L3_00/llc_occupancy,2022-08-21 17:30:28,5775360
/sys/fs/resctrl/parsec-rdt/mon_data/mon_L3_00/llc_occupancy,2022-08-21 17:30:28,1351680
/sys/fs/resctrl/memcached-server-rdt/mon_data/mon_L3_00/llc_occupancy,2022-08-21 17:30:31,5283840
/sys/fs/resctrl/parsec-rdt/mon_data/mon_L3_00/llc_occupancy,2022-08-21 17:30:31,1351680
/sys/fs/resctrl/memcached-server-rdt/mon_data/mon_L3_00/llc_occupancy,2022-08-21 17:30:34,5734400
/sys/fs/resctrl/parsec-rdt/mon_data/mon_L3_00/llc_occupancy,2022-08-21 17:30:34,1351680
/sys/fs/resctrl/memcached-server-rdt/mon_data/mon_L3_00/llc_occupancy,2022-08-21 17:30:37,5324800
/sys/fs/resctrl/parsec-rdt/mon_data/mon_L3_00/llc_occupancy,2022-08-21 17:30:37,1351680
/sys/fs/resctrl/memcached-server-rdt/mon_data/mon_L3_00/llc_occupancy,2022-08-21 17:30:40,5365760
/sys/fs/resctrl/parsec-rdt/mon_data/mon_L3_00/llc_occupancy,2022-08-21 17:30:40,1351680
/sys/fs/resctrl/memcached-server-rdt/mon_data/mon_L3_00/llc_occupancy,2022-08-21 17:30:43,5406720
/sys/fs/resctrl/parsec-rdt/mon_data/mon_L3_00/llc_occupancy,2022-08-21 17:30:43,1351680
/sys/fs/resctrl/memcached-server-rdt/mon_data/mon_L3_00/llc_occupancy,2022-08-21 17:30:46,5898240
/sys/fs/resctrl/parsec-rdt/mon_data/mon_L3_00/llc_occupancy,2022-08-21 17:30:46,1351680
/sys/fs/resctrl/memcached-server-rdt/mon_data/mon_L3_00/llc_occupancy,2022-08-21 17:30:49,5079040
/sys/fs/resctrl/parsec-rdt/mon_data/mon_L3_00/llc_occupancy,2022-08-21 17:30:49,1351680
/sys/fs/resctrl/memcached-server-rdt/mon_data/mon_L3_00/llc_occupancy,2022-08-21 17:30:52,5201920
/sys/fs/resctrl/parsec-rdt/mon_data/mon_L3_00/llc_occupancy,2022-08-21 17:30:52,1269760
/sys/fs/resctrl/memcached-server-rdt/mon_data/mon_L3_00/llc_occupancy,2022-08-21 17:30:55,5693440
/sys/fs/resctrl/parsec-rdt/mon_data/mon_L3_00/llc_occupancy,2022-08-21 17:30:55,1310720
/sys/fs/resctrl/memcached-server-rdt/mon_data/mon_L3_00/llc_occupancy,2022-08-21 17:30:58,5406720
/sys/fs/resctrl/parsec-rdt/mon_data/mon_L3_00/llc_occupancy,2022-08-21 17:30:58,1310720
/sys/fs/resctrl/memcached-server-rdt/mon_data/mon_L3_00/llc_occupancy,2022-08-21 17:31:01,6021120
/sys/fs/resctrl/parsec-rdt/mon_data/mon_L3_00/llc_occupancy,2022-08-21 17:31:01,1310720
/sys/fs/resctrl/memcached-server-rdt/mon_data/mon_L3_00/llc_occupancy,2022-08-21 17:31:04,5980160
/sys/fs/resctrl/parsec-rdt/mon_data/mon_L3_00/llc_occupancy,2022-08-21 17:31:04,1269760
/sys/fs/resctrl/memcached-server-rdt/mon_data/mon_L3_00/llc_occupancy,2022-08-21 17:31:07,81920
/sys/fs/resctrl/parsec-rdt/mon_data/mon_L3_00/llc_occupancy,2022-08-21 17:31:07,1310720
/sys/fs/resctrl/memcached-server-rdt/mon_data/mon_L3_00/llc_occupancy,2022-08-21 17:31:10,81920
/sys/fs/resctrl/parsec-rdt/mon_data/mon_L3_00/llc_occupancy,2022-08-21 17:31:10,1310720
/sys/fs/resctrl/memcached-server-rdt/mon_data/mon_L3_00/llc_occupancy,2022-08-21 17:31:13,5406720
/sys/fs/resctrl/parsec-rdt/mon_data/mon_L3_00/llc_occupancy,2022-08-21 17:31:13,1310720
/sys/fs/resctrl/memcached-server-rdt/mon_data/mon_L3_00/llc_occupancy,2022-08-21 17:31:16,5201920
/sys/fs/resctrl/parsec-rdt/mon_data/mon_L3_00/llc_occupancy,2022-08-21 17:31:16,1310720
/sys/fs/resctrl/memcached-server-rdt/mon_data/mon_L3_00/llc_occupancy,2022-08-21 17:31:19,5201920
/sys/fs/resctrl/parsec-rdt/mon_data/mon_L3_00/llc_occupancy,2022-08-21 17:31:19,1310720
/sys/fs/resctrl/memcached-server-rdt/mon_data/mon_L3_00/llc_occupancy,2022-08-21 17:31:22,5980160
/sys/fs/resctrl/parsec-rdt/mon_data/mon_L3_00/llc_occupancy,2022-08-21 17:31:22,1310720
/sys/fs/resctrl/memcached-server-rdt/mon_data/mon_L3_00/llc_occupancy,2022-08-21 17:31:25,5570560
/sys/fs/resctrl/parsec-rdt/mon_data/mon_L3_00/llc_occupancy,2022-08-21 17:31:25,1310720
/sys/fs/resctrl/memcached-server-rdt/mon_data/mon_L3_00/llc_occupancy,2022-08-21 17:31:28,5365760
/sys/fs/resctrl/parsec-rdt/mon_data/mon_L3_00/llc_occupancy,2022-08-21 17:31:28,1310720
/sys/fs/resctrl/memcached-server-rdt/mon_data/mon_L3_00/llc_occupancy,2022-08-21 17:31:31,4546560
/sys/fs/resctrl/parsec-rdt/mon_data/mon_L3_00/llc_occupancy,2022-08-21 17:31:31,1269760
/sys/fs/resctrl/memcached-server-rdt/mon_data/mon_L3_00/llc_occupancy,2022-08-21 17:31:34,4751360
/sys/fs/resctrl/parsec-rdt/mon_data/mon_L3_00/llc_occupancy,2022-08-21 17:31:34,1269760
/sys/fs/resctrl/memcached-server-rdt/mon_data/mon_L3_00/llc_occupancy,2022-08-21 17:31:37,4997120
/sys/fs/resctrl/parsec-rdt/mon_data/mon_L3_00/llc_occupancy,2022-08-21 17:31:37,1269760
/sys/fs/resctrl/memcached-server-rdt/mon_data/mon_L3_00/llc_occupancy,2022-08-21 17:31:40,5816320
/sys/fs/resctrl/parsec-rdt/mon_data/mon_L3_00/llc_occupancy,2022-08-21 17:31:40,1310720
/sys/fs/resctrl/memcached-server-rdt/mon_data/mon_L3_00/llc_occupancy,2022-08-21 17:31:43,5693440
/sys/fs/resctrl/parsec-rdt/mon_data/mon_L3_00/llc_occupancy,2022-08-21 17:31:43,1351680
/sys/fs/resctrl/memcached-server-rdt/mon_data/mon_L3_00/llc_occupancy,2022-08-21 17:31:46,5365760
/sys/fs/resctrl/parsec-rdt/mon_data/mon_L3_00/llc_occupancy,2022-08-21 17:31:46,1146880
/sys/fs/resctrl/memcached-server-rdt/mon_data/mon_L3_00/llc_occupancy,2022-08-21 17:31:49,5857280
/sys/fs/resctrl/parsec-rdt/mon_data/mon_L3_00/llc_occupancy,2022-08-21 17:31:49,1351680
/sys/fs/resctrl/memcached-server-rdt/mon_data/mon_L3_00/llc_occupancy,2022-08-21 17:31:52,5734400
/sys/fs/resctrl/parsec-rdt/mon_data/mon_L3_00/llc_occupancy,2022-08-21 17:31:52,1310720
/sys/fs/resctrl/memcached-server-rdt/mon_data/mon_L3_00/llc_occupancy,2022-08-21 17:31:55,5529600
/sys/fs/resctrl/parsec-rdt/mon_data/mon_L3_00/llc_occupancy,2022-08-21 17:31:55,1269760
/sys/fs/resctrl/memcached-server-rdt/mon_data/mon_L3_00/llc_occupancy,2022-08-21 17:31:58,3727360
/sys/fs/resctrl/parsec-rdt/mon_data/mon_L3_00/llc_occupancy,2022-08-21 17:31:58,1310720
/sys/fs/resctrl/memcached-server-rdt/mon_data/mon_L3_00/llc_occupancy,2022-08-21 17:32:01,5898240
/sys/fs/resctrl/parsec-rdt/mon_data/mon_L3_00/llc_occupancy,2022-08-21 17:32:01,1310720
/sys/fs/resctrl/memcached-server-rdt/mon_data/mon_L3_00/llc_occupancy,2022-08-21 17:32:04,6103040
/sys/fs/resctrl/parsec-rdt/mon_data/mon_L3_00/llc_occupancy,2022-08-21 17:32:04,1228800
/sys/fs/resctrl/memcached-server-rdt/mon_data/mon_L3_00/llc_occupancy,2022-08-21 17:32:07,122880
/sys/fs/resctrl/parsec-rdt/mon_data/mon_L3_00/llc_occupancy,2022-08-21 17:32:07,1105920
/sys/fs/resctrl/memcached-server-rdt/mon_data/mon_L3_00/llc_occupancy,2022-08-21 17:32:10,163840
/sys/fs/resctrl/parsec-rdt/mon_data/mon_L3_00/llc_occupancy,2022-08-21 17:32:10,1105920
/sys/fs/resctrl/memcached-server-rdt/mon_data/mon_L3_00/llc_occupancy,2022-08-21 17:32:13,5406720
/sys/fs/resctrl/parsec-rdt/mon_data/mon_L3_00/llc_occupancy,2022-08-21 17:32:13,1351680
/sys/fs/resctrl/memcached-server-rdt/mon_data/mon_L3_00/llc_occupancy,2022-08-21 17:32:16,5324800
/sys/fs/resctrl/parsec-rdt/mon_data/mon_L3_00/llc_occupancy,2022-08-21 17:32:16,1310720
/sys/fs/resctrl/memcached-server-rdt/mon_data/mon_L3_00/llc_occupancy,2022-08-21 17:32:19,5775360
/sys/fs/resctrl/parsec-rdt/mon_data/mon_L3_00/llc_occupancy,2022-08-21 17:32:19,1269760
/sys/fs/resctrl/memcached-server-rdt/mon_data/mon_L3_00/llc_occupancy,2022-08-21 17:32:22,5775360
/sys/fs/resctrl/parsec-rdt/mon_data/mon_L3_00/llc_occupancy,2022-08-21 17:32:22,1310720
/sys/fs/resctrl/memcached-server-rdt/mon_data/mon_L3_00/llc_occupancy,2022-08-21 17:32:25,5488640
/sys/fs/resctrl/parsec-rdt/mon_data/mon_L3_00/llc_occupancy,2022-08-21 17:32:25,1310720
/sys/fs/resctrl/memcached-server-rdt/mon_data/mon_L3_00/llc_occupancy,2022-08-21 17:32:28,4177920
/sys/fs/resctrl/parsec-rdt/mon_data/mon_L3_00/llc_occupancy,2022-08-21 17:32:28,1269760
/sys/fs/resctrl/memcached-server-rdt/mon_data/mon_L3_00/llc_occupancy,2022-08-21 17:32:31,5242880
/sys/fs/resctrl/parsec-rdt/mon_data/mon_L3_00/llc_occupancy,2022-08-21 17:32:31,1310720
/sys/fs/resctrl/memcached-server-rdt/mon_data/mon_L3_00/llc_occupancy,2022-08-21 17:32:34,5242880
/sys/fs/resctrl/parsec-rdt/mon_data/mon_L3_00/llc_occupancy,2022-08-21 17:32:34,1310720
/sys/fs/resctrl/memcached-server-rdt/mon_data/mon_L3_00/llc_occupancy,2022-08-21 17:32:37,5324800
/sys/fs/resctrl/parsec-rdt/mon_data/mon_L3_00/llc_occupancy,2022-08-21 17:32:37,1310720
/sys/fs/resctrl/memcached-server-rdt/mon_data/mon_L3_00/llc_occupancy,2022-08-21 17:32:40,5038080
/sys/fs/resctrl/parsec-rdt/mon_data/mon_L3_00/llc_occupancy,2022-08-21 17:32:40,1310720
/sys/fs/resctrl/memcached-server-rdt/mon_data/mon_L3_00/llc_occupancy,2022-08-21 17:32:43,5529600
/sys/fs/resctrl/parsec-rdt/mon_data/mon_L3_00/llc_occupancy,2022-08-21 17:32:43,1310720
/sys/fs/resctrl/memcached-server-rdt/mon_data/mon_L3_00/llc_occupancy,2022-08-21 17:32:46,5816320
/sys/fs/resctrl/parsec-rdt/mon_data/mon_L3_00/llc_occupancy,2022-08-21 17:32:46,1310720
/sys/fs/resctrl/memcached-server-rdt/mon_data/mon_L3_00/llc_occupancy,2022-08-21 17:32:49,5406720
/sys/fs/resctrl/parsec-rdt/mon_data/mon_L3_00/llc_occupancy,2022-08-21 17:32:49,1310720
/sys/fs/resctrl/memcached-server-rdt/mon_data/mon_L3_00/llc_occupancy,2022-08-21 17:32:52,5160960
/sys/fs/resctrl/parsec-rdt/mon_data/mon_L3_00/llc_occupancy,2022-08-21 17:32:52,1310720
/sys/fs/resctrl/memcached-server-rdt/mon_data/mon_L3_00/llc_occupancy,2022-08-21 17:32:55,5160960
/sys/fs/resctrl/parsec-rdt/mon_data/mon_L3_00/llc_occupancy,2022-08-21 17:32:55,1310720
/sys/fs/resctrl/memcached-server-rdt/mon_data/mon_L3_00/llc_occupancy,2022-08-21 17:32:58,4423680
/sys/fs/resctrl/parsec-rdt/mon_data/mon_L3_00/llc_occupancy,2022-08-21 17:32:58,1310720
/sys/fs/resctrl/memcached-server-rdt/mon_data/mon_L3_00/llc_occupancy,2022-08-21 17:33:01,5652480
/sys/fs/resctrl/parsec-rdt/mon_data/mon_L3_00/llc_occupancy,2022-08-21 17:33:01,1310720
/sys/fs/resctrl/memcached-server-rdt/mon_data/mon_L3_00/llc_occupancy,2022-08-21 17:33:04,5775360
/sys/fs/resctrl/parsec-rdt/mon_data/mon_L3_00/llc_occupancy,2022-08-21 17:33:04,1228800
/sys/fs/resctrl/memcached-server-rdt/mon_data/mon_L3_00/llc_occupancy,2022-08-21 17:33:07,204800
/sys/fs/resctrl/parsec-rdt/mon_data/mon_L3_00/llc_occupancy,2022-08-21 17:33:07,1310720
/sys/fs/resctrl/memcached-server-rdt/mon_data/mon_L3_00/llc_occupancy,2022-08-21 17:33:10,245760
/sys/fs/resctrl/parsec-rdt/mon_data/mon_L3_00/llc_occupancy,2022-08-21 17:33:10,1310720
/sys/fs/resctrl/memcached-server-rdt/mon_data/mon_L3_00/llc_occupancy,2022-08-21 17:33:13,5120000
/sys/fs/resctrl/parsec-rdt/mon_data/mon_L3_00/llc_occupancy,2022-08-21 17:33:13,1064960
/sys/fs/resctrl/memcached-server-rdt/mon_data/mon_L3_00/llc_occupancy,2022-08-21 17:33:16,5365760
/sys/fs/resctrl/parsec-rdt/mon_data/mon_L3_00/llc_occupancy,2022-08-21 17:33:16,1310720
/sys/fs/resctrl/memcached-server-rdt/mon_data/mon_L3_00/llc_occupancy,2022-08-21 17:33:19,5488640
/sys/fs/resctrl/parsec-rdt/mon_data/mon_L3_00/llc_occupancy,2022-08-21 17:33:19,1310720
/sys/fs/resctrl/memcached-server-rdt/mon_data/mon_L3_00/llc_occupancy,2022-08-21 17:33:22,5652480
/sys/fs/resctrl/parsec-rdt/mon_data/mon_L3_00/llc_occupancy,2022-08-21 17:33:22,1310720
/sys/fs/resctrl/memcached-server-rdt/mon_data/mon_L3_00/llc_occupancy,2022-08-21 17:33:25,5734400
/sys/fs/resctrl/parsec-rdt/mon_data/mon_L3_00/llc_occupancy,2022-08-21 17:33:25,1310720
/sys/fs/resctrl/memcached-server-rdt/mon_data/mon_L3_00/llc_occupancy,2022-08-21 17:33:28,5816320
/sys/fs/resctrl/parsec-rdt/mon_data/mon_L3_00/llc_occupancy,2022-08-21 17:33:28,1310720
/sys/fs/resctrl/memcached-server-rdt/mon_data/mon_L3_00/llc_occupancy,2022-08-21 17:33:31,5201920
/sys/fs/resctrl/parsec-rdt/mon_data/mon_L3_00/llc_occupancy,2022-08-21 17:33:31,1351680
/sys/fs/resctrl/memcached-server-rdt/mon_data/mon_L3_00/llc_occupancy,2022-08-21 17:33:34,5038080
/sys/fs/resctrl/parsec-rdt/mon_data/mon_L3_00/llc_occupancy,2022-08-21 17:33:34,1310720
/sys/fs/resctrl/memcached-server-rdt/mon_data/mon_L3_00/llc_occupancy,2022-08-21 17:33:37,5242880
/sys/fs/resctrl/parsec-rdt/mon_data/mon_L3_00/llc_occupancy,2022-08-21 17:33:37,1310720
/sys/fs/resctrl/memcached-server-rdt/mon_data/mon_L3_00/llc_occupancy,2022-08-21 17:33:40,5324800
/sys/fs/resctrl/parsec-rdt/mon_data/mon_L3_00/llc_occupancy,2022-08-21 17:33:40,1310720
/sys/fs/resctrl/memcached-server-rdt/mon_data/mon_L3_00/llc_occupancy,2022-08-21 17:33:43,5816320
/sys/fs/resctrl/parsec-rdt/mon_data/mon_L3_00/llc_occupancy,2022-08-21 17:33:43,1269760
/sys/fs/resctrl/memcached-server-rdt/mon_data/mon_L3_00/llc_occupancy,2022-08-21 17:33:46,5488640
/sys/fs/resctrl/parsec-rdt/mon_data/mon_L3_00/llc_occupancy,2022-08-21 17:33:46,1310720
/sys/fs/resctrl/memcached-server-rdt/mon_data/mon_L3_00/llc_occupancy,2022-08-21 17:33:49,4997120
/sys/fs/resctrl/parsec-rdt/mon_data/mon_L3_00/llc_occupancy,2022-08-21 17:33:49,1310720
/sys/fs/resctrl/memcached-server-rdt/mon_data/mon_L3_00/llc_occupancy,2022-08-21 17:33:52,5734400
/sys/fs/resctrl/parsec-rdt/mon_data/mon_L3_00/llc_occupancy,2022-08-21 17:33:52,1310720
/sys/fs/resctrl/memcached-server-rdt/mon_data/mon_L3_00/llc_occupancy,2022-08-21 17:33:55,5529600
/sys/fs/resctrl/parsec-rdt/mon_data/mon_L3_00/llc_occupancy,2022-08-21 17:33:55,1310720
/sys/fs/resctrl/memcached-server-rdt/mon_data/mon_L3_00/llc_occupancy,2022-08-21 17:33:58,5160960
/sys/fs/resctrl/parsec-rdt/mon_data/mon_L3_00/llc_occupancy,2022-08-21 17:33:58,1310720
/sys/fs/resctrl/memcached-server-rdt/mon_data/mon_L3_00/llc_occupancy,2022-08-21 17:34:01,5816320
/sys/fs/resctrl/parsec-rdt/mon_data/mon_L3_00/llc_occupancy,2022-08-21 17:34:01,1310720
/sys/fs/resctrl/memcached-server-rdt/mon_data/mon_L3_00/llc_occupancy,2022-08-21 17:34:04,1597440
/sys/fs/resctrl/parsec-rdt/mon_data/mon_L3_00/llc_occupancy,2022-08-21 17:34:04,983040
/sys/fs/resctrl/memcached-server-rdt/mon_data/mon_L3_00/llc_occupancy,2022-08-21 17:34:07,0
/sys/fs/resctrl/parsec-rdt/mon_data/mon_L3_00/llc_occupancy,2022-08-21 17:34:07,1269760
/sys/fs/resctrl/memcached-server-rdt/mon_data/mon_L3_00/llc_occupancy,2022-08-21 17:34:10,40960
/sys/fs/resctrl/parsec-rdt/mon_data/mon_L3_00/llc_occupancy,2022-08-21 17:34:10,1310720
/sys/fs/resctrl/memcached-server-rdt/mon_data/mon_L3_00/llc_occupancy,2022-08-21 17:34:14,6144000
/sys/fs/resctrl/parsec-rdt/mon_data/mon_L3_00/llc_occupancy,2022-08-21 17:34:14,1228800
/sys/fs/resctrl/memcached-server-rdt/mon_data/mon_L3_00/llc_occupancy,2022-08-21 17:34:17,4505600
/sys/fs/resctrl/parsec-rdt/mon_data/mon_L3_00/llc_occupancy,2022-08-21 17:34:17,1228800
/sys/fs/resctrl/memcached-server-rdt/mon_data/mon_L3_00/llc_occupancy,2022-08-21 17:34:20,4997120
/sys/fs/resctrl/parsec-rdt/mon_data/mon_L3_00/llc_occupancy,2022-08-21 17:34:20,1310720
/sys/fs/resctrl/memcached-server-rdt/mon_data/mon_L3_00/llc_occupancy,2022-08-21 17:34:23,4997120
/sys/fs/resctrl/parsec-rdt/mon_data/mon_L3_00/llc_occupancy,2022-08-21 17:34:23,1310720
/sys/fs/resctrl/memcached-server-rdt/mon_data/mon_L3_00/llc_occupancy,2022-08-21 17:34:26,5365760
/sys/fs/resctrl/parsec-rdt/mon_data/mon_L3_00/llc_occupancy,2022-08-21 17:34:26,1310720
/sys/fs/resctrl/memcached-server-rdt/mon_data/mon_L3_00/llc_occupancy,2022-08-21 17:34:29,5857280
/sys/fs/resctrl/parsec-rdt/mon_data/mon_L3_00/llc_occupancy,2022-08-21 17:34:29,1310720
/sys/fs/resctrl/memcached-server-rdt/mon_data/mon_L3_00/llc_occupancy,2022-08-21 17:34:32,5406720
/sys/fs/resctrl/parsec-rdt/mon_data/mon_L3_00/llc_occupancy,2022-08-21 17:34:32,1351680
/sys/fs/resctrl/memcached-server-rdt/mon_data/mon_L3_00/llc_occupancy,2022-08-21 17:34:35,5488640
/sys/fs/resctrl/parsec-rdt/mon_data/mon_L3_00/llc_occupancy,2022-08-21 17:34:35,1351680
/sys/fs/resctrl/memcached-server-rdt/mon_data/mon_L3_00/llc_occupancy,2022-08-21 17:34:38,5734400
/sys/fs/resctrl/parsec-rdt/mon_data/mon_L3_00/llc_occupancy,2022-08-21 17:34:38,1351680
/sys/fs/resctrl/memcached-server-rdt/mon_data/mon_L3_00/llc_occupancy,2022-08-21 17:34:41,4341760
/sys/fs/resctrl/parsec-rdt/mon_data/mon_L3_00/llc_occupancy,2022-08-21 17:34:41,1351680
/sys/fs/resctrl/memcached-server-rdt/mon_data/mon_L3_00/llc_occupancy,2022-08-21 17:34:44,5038080
/sys/fs/resctrl/parsec-rdt/mon_data/mon_L3_00/llc_occupancy,2022-08-21 17:34:44,1351680
/sys/fs/resctrl/memcached-server-rdt/mon_data/mon_L3_00/llc_occupancy,2022-08-21 17:34:47,5570560
/sys/fs/resctrl/parsec-rdt/mon_data/mon_L3_00/llc_occupancy,2022-08-21 17:34:47,1392640
/sys/fs/resctrl/memcached-server-rdt/mon_data/mon_L3_00/llc_occupancy,2022-08-21 17:34:50,4300800
/sys/fs/resctrl/parsec-rdt/mon_data/mon_L3_00/llc_occupancy,2022-08-21 17:34:50,1310720
/sys/fs/resctrl/memcached-server-rdt/mon_data/mon_L3_00/llc_occupancy,2022-08-21 17:34:53,4177920
/sys/fs/resctrl/parsec-rdt/mon_data/mon_L3_00/llc_occupancy,2022-08-21 17:34:53,1310720
/sys/fs/resctrl/memcached-server-rdt/mon_data/mon_L3_00/llc_occupancy,2022-08-21 17:34:56,5038080
/sys/fs/resctrl/parsec-rdt/mon_data/mon_L3_00/llc_occupancy,2022-08-21 17:34:56,1310720
/sys/fs/resctrl/memcached-server-rdt/mon_data/mon_L3_00/llc_occupancy,2022-08-21 17:34:59,5488640
/sys/fs/resctrl/parsec-rdt/mon_data/mon_L3_00/llc_occupancy,2022-08-21 17:34:59,1310720
/sys/fs/resctrl/memcached-server-rdt/mon_data/mon_L3_00/llc_occupancy,2022-08-21 17:35:02,5898240
/sys/fs/resctrl/parsec-rdt/mon_data/mon_L3_00/llc_occupancy,2022-08-21 17:35:02,1310720
/sys/fs/resctrl/memcached-server-rdt/mon_data/mon_L3_00/llc_occupancy,2022-08-21 17:35:05,4833280
/sys/fs/resctrl/parsec-rdt/mon_data/mon_L3_00/llc_occupancy,2022-08-21 17:35:05,1310720
/sys/fs/resctrl/memcached-server-rdt/mon_data/mon_L3_00/llc_occupancy,2022-08-21 17:35:08,81920
/sys/fs/resctrl/parsec-rdt/mon_data/mon_L3_00/llc_occupancy,2022-08-21 17:35:08,1310720
/sys/fs/resctrl/memcached-server-rdt/mon_data/mon_L3_00/llc_occupancy,2022-08-21 17:35:11,81920
/sys/fs/resctrl/parsec-rdt/mon_data/mon_L3_00/llc_occupancy,2022-08-21 17:35:11,1187840
/sys/fs/resctrl/memcached-server-rdt/mon_data/mon_L3_00/llc_occupancy,2022-08-21 17:35:14,5365760
/sys/fs/resctrl/parsec-rdt/mon_data/mon_L3_00/llc_occupancy,2022-08-21 17:35:14,1228800
/sys/fs/resctrl/memcached-server-rdt/mon_data/mon_L3_00/llc_occupancy,2022-08-21 17:35:17,5775360
/sys/fs/resctrl/parsec-rdt/mon_data/mon_L3_00/llc_occupancy,2022-08-21 17:35:17,1310720
/sys/fs/resctrl/memcached-server-rdt/mon_data/mon_L3_00/llc_occupancy,2022-08-21 17:35:20,5570560
/sys/fs/resctrl/parsec-rdt/mon_data/mon_L3_00/llc_occupancy,2022-08-21 17:35:20,1310720
/sys/fs/resctrl/memcached-server-rdt/mon_data/mon_L3_00/llc_occupancy,2022-08-21 17:35:23,5365760
/sys/fs/resctrl/parsec-rdt/mon_data/mon_L3_00/llc_occupancy,2022-08-21 17:35:23,1351680
/sys/fs/resctrl/memcached-server-rdt/mon_data/mon_L3_00/llc_occupancy,2022-08-21 17:35:26,5447680
/sys/fs/resctrl/parsec-rdt/mon_data/mon_L3_00/llc_occupancy,2022-08-21 17:35:26,1351680
/sys/fs/resctrl/memcached-server-rdt/mon_data/mon_L3_00/llc_occupancy,2022-08-21 17:35:29,5857280
/sys/fs/resctrl/parsec-rdt/mon_data/mon_L3_00/llc_occupancy,2022-08-21 17:35:29,1351680
/sys/fs/resctrl/memcached-server-rdt/mon_data/mon_L3_00/llc_occupancy,2022-08-21 17:35:32,5283840
/sys/fs/resctrl/parsec-rdt/mon_data/mon_L3_00/llc_occupancy,2022-08-21 17:35:32,1310720
/sys/fs/resctrl/memcached-server-rdt/mon_data/mon_L3_00/llc_occupancy,2022-08-21 17:35:35,5570560
/sys/fs/resctrl/parsec-rdt/mon_data/mon_L3_00/llc_occupancy,2022-08-21 17:35:35,1310720
/sys/fs/resctrl/memcached-server-rdt/mon_data/mon_L3_00/llc_occupancy,2022-08-21 17:35:38,5365760
/sys/fs/resctrl/parsec-rdt/mon_data/mon_L3_00/llc_occupancy,2022-08-21 17:35:38,1310720
/sys/fs/resctrl/memcached-server-rdt/mon_data/mon_L3_00/llc_occupancy,2022-08-21 17:35:41,5652480
/sys/fs/resctrl/parsec-rdt/mon_data/mon_L3_00/llc_occupancy,2022-08-21 17:35:41,1310720
/sys/fs/resctrl/memcached-server-rdt/mon_data/mon_L3_00/llc_occupancy,2022-08-21 17:35:44,5447680
/sys/fs/resctrl/parsec-rdt/mon_data/mon_L3_00/llc_occupancy,2022-08-21 17:35:44,1310720
/sys/fs/resctrl/memcached-server-rdt/mon_data/mon_L3_00/llc_occupancy,2022-08-21 17:35:47,5611520
/sys/fs/resctrl/parsec-rdt/mon_data/mon_L3_00/llc_occupancy,2022-08-21 17:35:47,1310720
/sys/fs/resctrl/memcached-server-rdt/mon_data/mon_L3_00/llc_occupancy,2022-08-21 17:35:50,5693440
/sys/fs/resctrl/parsec-rdt/mon_data/mon_L3_00/llc_occupancy,2022-08-21 17:35:50,1310720
/sys/fs/resctrl/memcached-server-rdt/mon_data/mon_L3_00/llc_occupancy,2022-08-21 17:35:53,5406720
/sys/fs/resctrl/parsec-rdt/mon_data/mon_L3_00/llc_occupancy,2022-08-21 17:35:53,1310720
/sys/fs/resctrl/memcached-server-rdt/mon_data/mon_L3_00/llc_occupancy,2022-08-21 17:35:56,5611520
/sys/fs/resctrl/parsec-rdt/mon_data/mon_L3_00/llc_occupancy,2022-08-21 17:35:56,1310720
/sys/fs/resctrl/memcached-server-rdt/mon_data/mon_L3_00/llc_occupancy,2022-08-21 17:35:59,5406720
/sys/fs/resctrl/parsec-rdt/mon_data/mon_L3_00/llc_occupancy,2022-08-21 17:35:59,1310720
/sys/fs/resctrl/memcached-server-rdt/mon_data/mon_L3_00/llc_occupancy,2022-08-21 17:36:02,4874240
/sys/fs/resctrl/parsec-rdt/mon_data/mon_L3_00/llc_occupancy,2022-08-21 17:36:02,1310720
/sys/fs/resctrl/memcached-server-rdt/mon_data/mon_L3_00/llc_occupancy,2022-08-21 17:36:05,5324800
/sys/fs/resctrl/parsec-rdt/mon_data/mon_L3_00/llc_occupancy,2022-08-21 17:36:05,1310720
/sys/fs/resctrl/memcached-server-rdt/mon_data/mon_L3_00/llc_occupancy,2022-08-21 17:36:08,40960
/sys/fs/resctrl/parsec-rdt/mon_data/mon_L3_00/llc_occupancy,2022-08-21 17:36:08,1310720
/sys/fs/resctrl/memcached-server-rdt/mon_data/mon_L3_00/llc_occupancy,2022-08-21 17:36:11,0
/sys/fs/resctrl/parsec-rdt/mon_data/mon_L3_00/llc_occupancy,2022-08-21 17:36:11,1228800
/sys/fs/resctrl/memcached-server-rdt/mon_data/mon_L3_00/llc_occupancy,2022-08-21 17:36:14,5488640
/sys/fs/resctrl/parsec-rdt/mon_data/mon_L3_00/llc_occupancy,2022-08-21 17:36:14,1310720
/sys/fs/resctrl/memcached-server-rdt/mon_data/mon_L3_00/llc_occupancy,2022-08-21 17:36:17,5734400
/sys/fs/resctrl/parsec-rdt/mon_data/mon_L3_00/llc_occupancy,2022-08-21 17:36:17,1310720
/sys/fs/resctrl/memcached-server-rdt/mon_data/mon_L3_00/llc_occupancy,2022-08-21 17:36:20,5160960
/sys/fs/resctrl/parsec-rdt/mon_data/mon_L3_00/llc_occupancy,2022-08-21 17:36:20,1310720
/sys/fs/resctrl/memcached-server-rdt/mon_data/mon_L3_00/llc_occupancy,2022-08-21 17:36:23,4915200
/sys/fs/resctrl/parsec-rdt/mon_data/mon_L3_00/llc_occupancy,2022-08-21 17:36:23,1310720
/sys/fs/resctrl/memcached-server-rdt/mon_data/mon_L3_00/llc_occupancy,2022-08-21 17:36:26,5939200
/sys/fs/resctrl/parsec-rdt/mon_data/mon_L3_00/llc_occupancy,2022-08-21 17:36:26,1310720
/sys/fs/resctrl/memcached-server-rdt/mon_data/mon_L3_00/llc_occupancy,2022-08-21 17:36:29,5816320
/sys/fs/resctrl/parsec-rdt/mon_data/mon_L3_00/llc_occupancy,2022-08-21 17:36:29,1310720
/sys/fs/resctrl/memcached-server-rdt/mon_data/mon_L3_00/llc_occupancy,2022-08-21 17:36:32,5242880
/sys/fs/resctrl/parsec-rdt/mon_data/mon_L3_00/llc_occupancy,2022-08-21 17:36:32,1228800
/sys/fs/resctrl/memcached-server-rdt/mon_data/mon_L3_00/llc_occupancy,2022-08-21 17:36:35,5898240
/sys/fs/resctrl/parsec-rdt/mon_data/mon_L3_00/llc_occupancy,2022-08-21 17:36:35,1310720
/sys/fs/resctrl/memcached-server-rdt/mon_data/mon_L3_00/llc_occupancy,2022-08-21 17:36:38,5283840
/sys/fs/resctrl/parsec-rdt/mon_data/mon_L3_00/llc_occupancy,2022-08-21 17:36:38,1310720
/sys/fs/resctrl/memcached-server-rdt/mon_data/mon_L3_00/llc_occupancy,2022-08-21 17:36:41,6103040
/sys/fs/resctrl/parsec-rdt/mon_data/mon_L3_00/llc_occupancy,2022-08-21 17:36:41,1310720
/sys/fs/resctrl/memcached-server-rdt/mon_data/mon_L3_00/llc_occupancy,2022-08-21 17:36:44,5775360
/sys/fs/resctrl/parsec-rdt/mon_data/mon_L3_00/llc_occupancy,2022-08-21 17:36:44,1310720
/sys/fs/resctrl/memcached-server-rdt/mon_data/mon_L3_00/llc_occupancy,2022-08-21 17:36:47,5939200
/sys/fs/resctrl/parsec-rdt/mon_data/mon_L3_00/llc_occupancy,2022-08-21 17:36:47,1310720
/sys/fs/resctrl/memcached-server-rdt/mon_data/mon_L3_00/llc_occupancy,2022-08-21 17:36:50,5939200
/sys/fs/resctrl/parsec-rdt/mon_data/mon_L3_00/llc_occupancy,2022-08-21 17:36:50,1310720
/sys/fs/resctrl/memcached-server-rdt/mon_data/mon_L3_00/llc_occupancy,2022-08-21 17:36:53,4014080
/sys/fs/resctrl/parsec-rdt/mon_data/mon_L3_00/llc_occupancy,2022-08-21 17:36:53,1105920
/sys/fs/resctrl/memcached-server-rdt/mon_data/mon_L3_00/llc_occupancy,2022-08-21 17:36:56,4177920
/sys/fs/resctrl/parsec-rdt/mon_data/mon_L3_00/llc_occupancy,2022-08-21 17:36:56,573440
/sys/fs/resctrl/memcached-server-rdt/mon_data/mon_L3_00/llc_occupancy,2022-08-21 17:36:59,3645440
/sys/fs/resctrl/parsec-rdt/mon_data/mon_L3_00/llc_occupancy,2022-08-21 17:36:59,286720
/sys/fs/resctrl/memcached-server-rdt/mon_data/mon_L3_00/llc_occupancy,2022-08-21 17:37:02,4833280
/sys/fs/resctrl/parsec-rdt/mon_data/mon_L3_00/llc_occupancy,2022-08-21 17:37:02,204800
/sys/fs/resctrl/memcached-server-rdt/mon_data/mon_L3_00/llc_occupancy,2022-08-21 17:37:05,3973120
/sys/fs/resctrl/parsec-rdt/mon_data/mon_L3_00/llc_occupancy,2022-08-21 17:37:05,1392640
/sys/fs/resctrl/memcached-server-rdt/mon_data/mon_L3_00/llc_occupancy,2022-08-21 17:37:08,0
/sys/fs/resctrl/parsec-rdt/mon_data/mon_L3_00/llc_occupancy,2022-08-21 17:37:08,1310720
/sys/fs/resctrl/memcached-server-rdt/mon_data/mon_L3_00/llc_occupancy,2022-08-21 17:37:11,40960
